{
"meta":{"test_sets":[],"test_metrics":[],"learn_metrics":[{"best_value":"Min","name":"RMSE"}],"launch_mode":"Train","parameters":"","iteration_count":1000,"learn_sets":["learn"],"name":"experiment"},
"iterations":[
{"learn":[0.07344088796],"iteration":0,"passed_time":0.2097088733,"remaining_time":209.4991644},
{"learn":[0.07279480096],"iteration":1,"passed_time":0.2105711927,"remaining_time":105.0750251},
{"learn":[0.07217854679],"iteration":2,"passed_time":0.2119793713,"remaining_time":70.44781106},
{"learn":[0.07167277285],"iteration":3,"passed_time":0.2134054945,"remaining_time":53.13796813},
{"learn":[0.07109272412],"iteration":4,"passed_time":0.2147343964,"remaining_time":42.73214489},
{"learn":[0.07047675575],"iteration":5,"passed_time":0.216349312,"remaining_time":35.84186936},
{"learn":[0.0698960872],"iteration":6,"passed_time":0.21707594,"remaining_time":30.79377263},
{"learn":[0.06945412622],"iteration":7,"passed_time":0.2190634959,"remaining_time":27.16387349},
{"learn":[0.06909559232],"iteration":8,"passed_time":0.2251407882,"remaining_time":24.79050235},
{"learn":[0.06855484611],"iteration":9,"passed_time":0.2260703385,"remaining_time":22.38096351},
{"learn":[0.06810087132],"iteration":10,"passed_time":0.2273738242,"remaining_time":20.44297383},
{"learn":[0.06762516075],"iteration":11,"passed_time":0.2289413405,"remaining_time":18.8495037},
{"learn":[0.06711042113],"iteration":12,"passed_time":0.23012499,"remaining_time":17.47179732},
{"learn":[0.06657128976],"iteration":13,"passed_time":0.2315064553,"remaining_time":16.30466892},
{"learn":[0.06622160346],"iteration":14,"passed_time":0.2328012114,"remaining_time":15.28727955},
{"learn":[0.06582614522],"iteration":15,"passed_time":0.2340040862,"remaining_time":14.3912513},
{"learn":[0.06534419602],"iteration":16,"passed_time":0.2349622352,"remaining_time":13.58634572},
{"learn":[0.06496833369],"iteration":17,"passed_time":0.2363448392,"remaining_time":12.893924},
{"learn":[0.06440784483],"iteration":18,"passed_time":0.2381895728,"remaining_time":12.29810373},
{"learn":[0.06396465813],"iteration":19,"passed_time":0.2415440143,"remaining_time":11.8356567},
{"learn":[0.06355582516],"iteration":20,"passed_time":0.2434655837,"remaining_time":11.35013364},
{"learn":[0.06309102615],"iteration":21,"passed_time":0.2449916388,"remaining_time":10.89099195},
{"learn":[0.06269750726],"iteration":22,"passed_time":0.2465627347,"remaining_time":10.47355616},
{"learn":[0.06212553831],"iteration":23,"passed_time":0.2484560666,"remaining_time":10.10388004},
{"learn":[0.06175474119],"iteration":24,"passed_time":0.2494567223,"remaining_time":9.72881217},
{"learn":[0.06144000736],"iteration":25,"passed_time":0.2508827441,"remaining_time":9.398453568},
{"learn":[0.06099949714],"iteration":26,"passed_time":0.2523129765,"remaining_time":9.092612079},
{"learn":[0.06050519712],"iteration":27,"passed_time":0.253652491,"remaining_time":8.805365046},
{"learn":[0.0600696806],"iteration":28,"passed_time":0.2546161026,"remaining_time":8.525249505},
{"learn":[0.05971992014],"iteration":29,"passed_time":0.2559086397,"remaining_time":8.274379349},
{"learn":[0.05935074486],"iteration":30,"passed_time":0.2573270042,"remaining_time":8.0435441},
{"learn":[0.05884388174],"iteration":31,"passed_time":0.258723153,"remaining_time":7.826375379},
{"learn":[0.05839633348],"iteration":32,"passed_time":0.2602264935,"remaining_time":7.625424826},
{"learn":[0.05796868031],"iteration":33,"passed_time":0.2616734724,"remaining_time":7.434605127},
{"learn":[0.05751224845],"iteration":34,"passed_time":0.2626404005,"remaining_time":7.241371043},
{"learn":[0.05709762089],"iteration":35,"passed_time":0.2638722572,"remaining_time":7.065912664},
{"learn":[0.05679342626],"iteration":36,"passed_time":0.2652012082,"remaining_time":6.902399013},
{"learn":[0.05644333983],"iteration":37,"passed_time":0.2664753648,"remaining_time":6.746034236},
{"learn":[0.05604652196],"iteration":38,"passed_time":0.2679717677,"remaining_time":6.603099199},
{"learn":[0.05568988369],"iteration":39,"passed_time":0.2693915607,"remaining_time":6.465397456},
{"learn":[0.05535309408],"iteration":40,"passed_time":0.270927002,"remaining_time":6.337048657},
{"learn":[0.055056938],"iteration":41,"passed_time":0.2723517659,"remaining_time":6.212214088},
{"learn":[0.05460162566],"iteration":42,"passed_time":0.2737457603,"remaining_time":6.092434711},
{"learn":[0.05425674117],"iteration":43,"passed_time":0.2751667091,"remaining_time":5.978622134},
{"learn":[0.05393626236],"iteration":44,"passed_time":0.2764641603,"remaining_time":5.867183846},
{"learn":[0.05357826766],"iteration":45,"passed_time":0.2779906864,"remaining_time":5.765285106},
{"learn":[0.05328328717],"iteration":46,"passed_time":0.2794834391,"remaining_time":5.666972711},
{"learn":[0.05291647989],"iteration":47,"passed_time":0.2807487212,"remaining_time":5.568182971},
{"learn":[0.0525777349],"iteration":48,"passed_time":0.2823738375,"remaining_time":5.480357541},
{"learn":[0.05219025112],"iteration":49,"passed_time":0.2841508338,"remaining_time":5.398865843},
{"learn":[0.05180997633],"iteration":50,"passed_time":0.285639399,"remaining_time":5.315133131},
{"learn":[0.05149321613],"iteration":51,"passed_time":0.2871285334,"remaining_time":5.234574032},
{"learn":[0.05115152728],"iteration":52,"passed_time":0.2884507603,"remaining_time":5.154016415},
{"learn":[0.05078286813],"iteration":53,"passed_time":0.2901340231,"remaining_time":5.082718256},
{"learn":[0.05051135593],"iteration":54,"passed_time":0.2914247135,"remaining_time":5.00720644},
{"learn":[0.05021176851],"iteration":55,"passed_time":0.2930744474,"remaining_time":4.940397828},
{"learn":[0.04986226599],"iteration":56,"passed_time":0.294624486,"remaining_time":4.874226146},
{"learn":[0.04950187837],"iteration":57,"passed_time":0.2962337731,"remaining_time":4.811245073},
{"learn":[0.04925377523],"iteration":58,"passed_time":0.3105258618,"remaining_time":4.952624339},
{"learn":[0.04895054643],"iteration":59,"passed_time":0.3132677277,"remaining_time":4.907861067},
{"learn":[0.04860620013],"iteration":60,"passed_time":0.3161882586,"remaining_time":4.867225817},
{"learn":[0.04827882519],"iteration":61,"passed_time":0.3188660441,"remaining_time":4.824134666},
{"learn":[0.04798355363],"iteration":62,"passed_time":0.3292628374,"remaining_time":4.897131406},
{"learn":[0.04763725142],"iteration":63,"passed_time":0.3319196909,"remaining_time":4.85432548},
{"learn":[0.04734540369],"iteration":64,"passed_time":0.3345616168,"remaining_time":4.81254018},
{"learn":[0.04702707484],"iteration":65,"passed_time":0.3427612054,"remaining_time":4.850590391},
{"learn":[0.04675583871],"iteration":66,"passed_time":0.3455568554,"remaining_time":4.812008151},
{"learn":[0.04647419146],"iteration":67,"passed_time":0.3483382686,"remaining_time":4.774283328},
{"learn":[0.0462278745],"iteration":68,"passed_time":0.3509557792,"remaining_time":4.735359861},
{"learn":[0.04601823763],"iteration":69,"passed_time":0.3744786777,"remaining_time":4.975216718},
{"learn":[0.04571300533],"iteration":70,"passed_time":0.3766966922,"remaining_time":4.928890522},
{"learn":[0.04539450702],"iteration":71,"passed_time":0.3783876957,"remaining_time":4.876996966},
{"learn":[0.04515022111],"iteration":72,"passed_time":0.3840069958,"remaining_time":4.87636281},
{"learn":[0.04490679529],"iteration":73,"passed_time":0.3857819598,"remaining_time":4.827487768},
{"learn":[0.04463970296],"iteration":74,"passed_time":0.3877385428,"remaining_time":4.782108694},
{"learn":[0.04433841142],"iteration":75,"passed_time":0.3890710861,"remaining_time":4.73028531},
{"learn":[0.04408220423],"iteration":76,"passed_time":0.3901729809,"remaining_time":4.677008589},
{"learn":[0.04386016152],"iteration":77,"passed_time":0.392156784,"remaining_time":4.635494293},
{"learn":[0.04358815735],"iteration":78,"passed_time":0.3938427791,"remaining_time":4.591508855},
{"learn":[0.04332801318],"iteration":79,"passed_time":0.3958639967,"remaining_time":4.552435962},
{"learn":[0.04307628907],"iteration":80,"passed_time":0.397092714,"remaining_time":4.505286471},
{"learn":[0.04278265326],"iteration":81,"passed_time":0.3989546179,"remaining_time":4.466345601},
{"learn":[0.04251322767],"iteration":82,"passed_time":0.3999180635,"remaining_time":4.418371858},
{"learn":[0.04229123914],"iteration":83,"passed_time":0.401637662,"remaining_time":4.379763076},
{"learn":[0.04206261365],"iteration":84,"passed_time":0.403357318,"remaining_time":4.342022894},
{"learn":[0.04180391834],"iteration":85,"passed_time":0.4050741069,"remaining_time":4.305089927},
{"learn":[0.04155479707],"iteration":86,"passed_time":0.4066718258,"remaining_time":4.267716977},
{"learn":[0.0412820361],"iteration":87,"passed_time":0.4077599607,"remaining_time":4.225875956},
{"learn":[0.04103774295],"iteration":88,"passed_time":0.4096275095,"remaining_time":4.192928777},
{"learn":[0.04081516078],"iteration":89,"passed_time":0.411221182,"remaining_time":4.157903062},
{"learn":[0.0406056125],"iteration":90,"passed_time":0.4121981791,"remaining_time":4.117452141},
{"learn":[0.04042638358],"iteration":91,"passed_time":0.4140667509,"remaining_time":4.086658803},
{"learn":[0.0401199784],"iteration":92,"passed_time":0.4154594359,"remaining_time":4.051846326},
{"learn":[0.04005004221],"iteration":93,"passed_time":0.4161176684,"remaining_time":4.010666038},
{"learn":[0.03980990716],"iteration":94,"passed_time":0.4177795583,"remaining_time":3.979900003},
{"learn":[0.03959585485],"iteration":95,"passed_time":0.419605239,"remaining_time":3.951282667},
{"learn":[0.03935633293],"iteration":96,"passed_time":0.4204473042,"remaining_time":3.914060987},
{"learn":[0.03915706506],"iteration":97,"passed_time":0.421834709,"remaining_time":3.882601097},
{"learn":[0.03888313095],"iteration":98,"passed_time":0.4233530966,"remaining_time":3.852940809},
{"learn":[0.03866659758],"iteration":99,"passed_time":0.4241831328,"remaining_time":3.817648195},
{"learn":[0.03852376047],"iteration":100,"passed_time":0.5027641037,"remaining_time":4.47509831},
{"learn":[0.03828020653],"iteration":101,"passed_time":0.5105779602,"remaining_time":4.495088316},
{"learn":[0.03803730206],"iteration":102,"passed_time":0.5162850168,"remaining_time":4.496190874},
{"learn":[0.03780233753],"iteration":103,"passed_time":0.5214906399,"remaining_time":4.492842436},
{"learn":[0.03758238713],"iteration":104,"passed_time":0.528793216,"remaining_time":4.50733265},
{"learn":[0.03737418454],"iteration":105,"passed_time":0.5336697236,"remaining_time":4.50095031},
{"learn":[0.03711628295],"iteration":106,"passed_time":0.5364744273,"remaining_time":4.477305267},
{"learn":[0.03685472829],"iteration":107,"passed_time":0.5506497239,"remaining_time":4.547958831},
{"learn":[0.03658962989],"iteration":108,"passed_time":0.5646327136,"remaining_time":4.615483925},
{"learn":[0.03648356405],"iteration":109,"passed_time":0.5662741477,"remaining_time":4.58167265},
{"learn":[0.03629320497],"iteration":110,"passed_time":0.5676183262,"remaining_time":4.546060288},
{"learn":[0.03611406973],"iteration":111,"passed_time":0.5689314316,"remaining_time":4.510813493},
{"learn":[0.035870655],"iteration":112,"passed_time":0.5700686308,"remaining_time":4.474786509},
{"learn":[0.03559139171],"iteration":113,"passed_time":0.576717701,"remaining_time":4.482209501},
{"learn":[0.03542151555],"iteration":114,"passed_time":0.578638317,"remaining_time":4.452999222},
{"learn":[0.03520742558],"iteration":115,"passed_time":0.5806434914,"remaining_time":4.424903848},
{"learn":[0.03504638922],"iteration":116,"passed_time":0.5931285153,"remaining_time":4.476345974},
{"learn":[0.0348717935],"iteration":117,"passed_time":0.600216435,"remaining_time":4.486363522},
{"learn":[0.03463941578],"iteration":118,"passed_time":0.6071398945,"remaining_time":4.494876026},
{"learn":[0.03435358275],"iteration":119,"passed_time":0.6186219982,"remaining_time":4.53656132},
{"learn":[0.0341123803],"iteration":120,"passed_time":0.624436209,"remaining_time":4.536193617},
{"learn":[0.03394165076],"iteration":121,"passed_time":0.6333248083,"remaining_time":4.557862145},
{"learn":[0.03375861066],"iteration":122,"passed_time":0.6412524943,"remaining_time":4.572182419},
{"learn":[0.03351041267],"iteration":123,"passed_time":0.6465746925,"remaining_time":4.567737344},
{"learn":[0.03329172545],"iteration":124,"passed_time":0.6510106404,"remaining_time":4.557074483},
{"learn":[0.03310199734],"iteration":125,"passed_time":0.6542217185,"remaining_time":4.538014142},
{"learn":[0.03289556763],"iteration":126,"passed_time":0.657074358,"remaining_time":4.516739484},
{"learn":[0.03272782832],"iteration":127,"passed_time":0.6633331702,"remaining_time":4.518957222},
{"learn":[0.0325894074],"iteration":128,"passed_time":0.6708323999,"remaining_time":4.529418762},
{"learn":[0.03242298599],"iteration":129,"passed_time":0.6789431795,"remaining_time":4.543696663},
{"learn":[0.0322282028],"iteration":130,"passed_time":0.6847364094,"remaining_time":4.542259082},
{"learn":[0.03199855722],"iteration":131,"passed_time":0.6896534007,"remaining_time":4.534993574},
{"learn":[0.03178287193],"iteration":132,"passed_time":0.7012979043,"remaining_time":4.571618669},
{"learn":[0.0316393327],"iteration":133,"passed_time":0.7101633654,"remaining_time":4.589563242},
{"learn":[0.03141080324],"iteration":134,"passed_time":0.7143623697,"remaining_time":4.577210739},
{"learn":[0.03124198696],"iteration":135,"passed_time":0.7174515402,"remaining_time":4.557927432},
{"learn":[0.03105205791],"iteration":136,"passed_time":0.7225329964,"remaining_time":4.551430481},
{"learn":[0.03088575197],"iteration":137,"passed_time":0.7279163778,"remaining_time":4.546839983},
{"learn":[0.03074897747],"iteration":138,"passed_time":0.7304365917,"remaining_time":4.524502917},
{"learn":[0.03058299497],"iteration":139,"passed_time":0.7377782913,"remaining_time":4.532066646},
{"learn":[0.03039298614],"iteration":140,"passed_time":0.7440387606,"remaining_time":4.532831882},
{"learn":[0.03024255677],"iteration":141,"passed_time":0.7552083448,"remaining_time":4.563160281},
{"learn":[0.03005099723],"iteration":142,"passed_time":0.7610108738,"remaining_time":4.560743489},
{"learn":[0.02983322891],"iteration":143,"passed_time":0.7642692878,"remaining_time":4.543156322},
{"learn":[0.02965062693],"iteration":144,"passed_time":0.7696464439,"remaining_time":4.538260066},
{"learn":[0.02948104053],"iteration":145,"passed_time":0.7723719324,"remaining_time":4.517846783},
{"learn":[0.0293110339],"iteration":146,"passed_time":0.7801149149,"remaining_time":4.526789268},
{"learn":[0.02914549781],"iteration":147,"passed_time":0.7865207396,"remaining_time":4.527808582},
{"learn":[0.02902071554],"iteration":148,"passed_time":0.7922826708,"remaining_time":4.52505069},
{"learn":[0.02886937117],"iteration":149,"passed_time":0.8010825198,"remaining_time":4.539467612},
{"learn":[0.02873748533],"iteration":150,"passed_time":0.8285486696,"remaining_time":4.658528613},
{"learn":[0.02850998615],"iteration":151,"passed_time":0.8392195118,"remaining_time":4.681961487},
{"learn":[0.02829865657],"iteration":152,"passed_time":0.8591380124,"remaining_time":4.756143114},
{"learn":[0.02817060558],"iteration":153,"passed_time":0.883840567,"remaining_time":4.855383894},
{"learn":[0.0279930872],"iteration":154,"passed_time":0.8888612973,"remaining_time":4.845727718},
{"learn":[0.02782626704],"iteration":155,"passed_time":0.898175307,"remaining_time":4.859358712},
{"learn":[0.02767679154],"iteration":156,"passed_time":0.9068151224,"remaining_time":4.869077377},
{"learn":[0.02749823636],"iteration":157,"passed_time":0.9163782947,"remaining_time":4.88348433},
{"learn":[0.02735036643],"iteration":158,"passed_time":0.9255215671,"remaining_time":4.895368792},
{"learn":[0.02723258667],"iteration":159,"passed_time":0.9400702028,"remaining_time":4.935368565},
{"learn":[0.02702614206],"iteration":160,"passed_time":0.9492433702,"remaining_time":4.946678184},
{"learn":[0.02693783663],"iteration":161,"passed_time":0.9509041706,"remaining_time":4.91887466},
{"learn":[0.0268548595],"iteration":162,"passed_time":0.9662019231,"remaining_time":4.961417237},
{"learn":[0.02672896685],"iteration":163,"passed_time":0.974028831,"remaining_time":4.965171358},
{"learn":[0.0265239627],"iteration":164,"passed_time":0.9818752413,"remaining_time":4.968883797},
{"learn":[0.02634121926],"iteration":165,"passed_time":0.9940650086,"remaining_time":4.994278417},
{"learn":[0.02620215025],"iteration":166,"passed_time":1.002590648,"remaining_time":5.000946168},
{"learn":[0.02603157817],"iteration":167,"passed_time":1.010267173,"remaining_time":5.003227902},
{"learn":[0.02585937922],"iteration":168,"passed_time":1.019957709,"remaining_time":5.015295009},
{"learn":[0.02571587921],"iteration":169,"passed_time":1.026148675,"remaining_time":5.010019999},
{"learn":[0.025557178],"iteration":170,"passed_time":1.032911191,"remaining_time":5.00750513},
{"learn":[0.02546825151],"iteration":171,"passed_time":1.042699009,"remaining_time":5.019504531},
{"learn":[0.02531025605],"iteration":172,"passed_time":1.054926385,"remaining_time":5.042913991},
{"learn":[0.02518799339],"iteration":173,"passed_time":1.057689058,"remaining_time":5.020983689},
{"learn":[0.02499488319],"iteration":174,"passed_time":1.065869125,"remaining_time":5.024811587},
{"learn":[0.02485317665],"iteration":175,"passed_time":1.070948352,"remaining_time":5.013985467},
{"learn":[0.02476117784],"iteration":176,"passed_time":1.07882385,"remaining_time":5.016226148},
{"learn":[0.02465684762],"iteration":177,"passed_time":1.089683643,"remaining_time":5.032134578},
{"learn":[0.0245037418],"iteration":178,"passed_time":1.105536193,"remaining_time":5.070643657},
{"learn":[0.02435940781],"iteration":179,"passed_time":1.113150606,"remaining_time":5.071019428},
{"learn":[0.02419828593],"iteration":180,"passed_time":1.123806115,"remaining_time":5.085067449},
{"learn":[0.02407592725],"iteration":181,"passed_time":1.126574303,"remaining_time":5.063394396},
{"learn":[0.0239830655],"iteration":182,"passed_time":1.130983264,"remaining_time":5.049253152},
{"learn":[0.0238203922],"iteration":183,"passed_time":1.138243385,"remaining_time":5.04786197},
{"learn":[0.02365481504],"iteration":184,"passed_time":1.14528518,"remaining_time":5.045445525},
{"learn":[0.02354639349],"iteration":185,"passed_time":1.148651164,"remaining_time":5.02689273},
{"learn":[0.02342057912],"iteration":186,"passed_time":1.156274073,"remaining_time":5.027009739},
{"learn":[0.02325901422],"iteration":187,"passed_time":1.167517098,"remaining_time":5.042680234},
{"learn":[0.02313785087],"iteration":188,"passed_time":1.170347212,"remaining_time":5.021966081},
{"learn":[0.02302588674],"iteration":189,"passed_time":1.17359243,"remaining_time":5.003209833},
{"learn":[0.02288049652],"iteration":190,"passed_time":1.186990197,"remaining_time":5.027618166},
{"learn":[0.02277909279],"iteration":191,"passed_time":1.205519214,"remaining_time":5.073226692},
{"learn":[0.02266094868],"iteration":192,"passed_time":1.223848762,"remaining_time":5.117336535},
{"learn":[0.02251225047],"iteration":193,"passed_time":1.236907026,"remaining_time":5.138902385},
{"learn":[0.02239774492],"iteration":194,"passed_time":1.255768859,"remaining_time":5.184071443},
{"learn":[0.02226875675],"iteration":195,"passed_time":1.262058627,"remaining_time":5.177016002},
{"learn":[0.02212747784],"iteration":196,"passed_time":1.268916759,"remaining_time":5.172285063},
{"learn":[0.02198139293],"iteration":197,"passed_time":1.277911381,"remaining_time":5.176186504},
{"learn":[0.02182583501],"iteration":198,"passed_time":1.287183801,"remaining_time":5.181076507},
{"learn":[0.02168914079],"iteration":199,"passed_time":1.302670203,"remaining_time":5.210680812},
{"learn":[0.02153696063],"iteration":200,"passed_time":1.311787891,"remaining_time":5.214520024},
{"learn":[0.02139668458],"iteration":201,"passed_time":1.327389491,"remaining_time":5.243845614},
{"learn":[0.02126454232],"iteration":202,"passed_time":1.33787936,"remaining_time":5.252659359},
{"learn":[0.02120444218],"iteration":203,"passed_time":1.339330947,"remaining_time":5.226016832},
{"learn":[0.02105418793],"iteration":204,"passed_time":1.359263072,"remaining_time":5.2712885},
{"learn":[0.02091361604],"iteration":205,"passed_time":1.369524104,"remaining_time":5.278651158},
{"learn":[0.02077086884],"iteration":206,"passed_time":1.465586501,"remaining_time":5.614541522},
{"learn":[0.02058683269],"iteration":207,"passed_time":1.473593418,"remaining_time":5.610990324},
{"learn":[0.02042068135],"iteration":208,"passed_time":1.482820512,"remaining_time":5.612014473},
{"learn":[0.0203010877],"iteration":209,"passed_time":1.487823459,"remaining_time":5.597050154},
{"learn":[0.02014898056],"iteration":210,"passed_time":1.496930195,"remaining_time":5.597525705},
{"learn":[0.02005260954],"iteration":211,"passed_time":1.50195039,"remaining_time":5.582721263},
{"learn":[0.01990845295],"iteration":212,"passed_time":1.507995475,"remaining_time":5.571795489},
{"learn":[0.01978232145],"iteration":213,"passed_time":1.515524063,"remaining_time":5.566364081},
{"learn":[0.01966297917],"iteration":214,"passed_time":1.520935824,"remaining_time":5.553184287},
{"learn":[0.01955064976],"iteration":215,"passed_time":1.52943704,"remaining_time":5.551289997},
{"learn":[0.01942610943],"iteration":216,"passed_time":1.534249002,"remaining_time":5.536022897},
{"learn":[0.01936518344],"iteration":217,"passed_time":1.542027618,"remaining_time":5.531493564},
{"learn":[0.01925312753],"iteration":218,"passed_time":1.548442727,"remaining_time":5.522072008},
{"learn":[0.01913701562],"iteration":219,"passed_time":1.553582152,"remaining_time":5.508154902},
{"learn":[0.01902109123],"iteration":220,"passed_time":1.558637048,"remaining_time":5.494019277},
{"learn":[0.01893950992],"iteration":221,"passed_time":1.564999774,"remaining_time":5.484548757},
{"learn":[0.018821524],"iteration":222,"passed_time":1.568590614,"remaining_time":5.465448013},
{"learn":[0.01874592461],"iteration":223,"passed_time":1.571815556,"remaining_time":5.445218176},
{"learn":[0.01862835922],"iteration":224,"passed_time":1.576167261,"remaining_time":5.429020566},
{"learn":[0.01849894729],"iteration":225,"passed_time":1.581744429,"remaining_time":5.417124725},
{"learn":[0.01843315335],"iteration":226,"passed_time":1.585247819,"remaining_time":5.398222751},
{"learn":[0.01829705437],"iteration":227,"passed_time":1.59181705,"remaining_time":5.389836677},
{"learn":[0.01820249268],"iteration":228,"passed_time":1.597295954,"remaining_time":5.377795548},
{"learn":[0.01813971714],"iteration":229,"passed_time":1.605824605,"remaining_time":5.376021503},
{"learn":[0.01801339866],"iteration":230,"passed_time":1.610802123,"remaining_time":5.362367241},
{"learn":[0.01790655835],"iteration":231,"passed_time":1.616057569,"remaining_time":5.349707813},
{"learn":[0.01780156416],"iteration":232,"passed_time":1.625781274,"remaining_time":5.35182076},
{"learn":[0.01773033982],"iteration":233,"passed_time":1.633860812,"remaining_time":5.348450349},
{"learn":[0.01762097667],"iteration":234,"passed_time":1.638221326,"remaining_time":5.332933252},
{"learn":[0.01751294745],"iteration":235,"passed_time":1.642066059,"remaining_time":5.315840972},
{"learn":[0.01741806923],"iteration":236,"passed_time":1.649970363,"remaining_time":5.311929903},
{"learn":[0.01731007669],"iteration":237,"passed_time":1.65479195,"remaining_time":5.298115404},
{"learn":[0.0172038966],"iteration":238,"passed_time":1.657814255,"remaining_time":5.278647064},
{"learn":[0.01709703208],"iteration":239,"passed_time":1.669875739,"remaining_time":5.287939842},
{"learn":[0.01699347147],"iteration":240,"passed_time":1.676165949,"remaining_time":5.278879481},
{"learn":[0.01689592322],"iteration":241,"passed_time":1.680553201,"remaining_time":5.263881515},
{"learn":[0.01676682118],"iteration":242,"passed_time":1.685011868,"remaining_time":5.24919335},
{"learn":[0.01668160302],"iteration":243,"passed_time":1.691321984,"remaining_time":5.240325492},
{"learn":[0.01658283264],"iteration":244,"passed_time":1.695893048,"remaining_time":5.226119393},
{"learn":[0.01651633161],"iteration":245,"passed_time":1.699518628,"remaining_time":5.20909368},
{"learn":[0.01644367077],"iteration":246,"passed_time":1.706195345,"remaining_time":5.201478117},
{"learn":[0.01632128599],"iteration":247,"passed_time":1.709482525,"remaining_time":5.183592172},
{"learn":[0.01622370446],"iteration":248,"passed_time":1.714283953,"remaining_time":5.170390558},
{"learn":[0.01616562782],"iteration":249,"passed_time":1.718411538,"remaining_time":5.155234613},
{"learn":[0.01604768901],"iteration":250,"passed_time":1.721736948,"remaining_time":5.137772804},
{"learn":[0.01598600851],"iteration":251,"passed_time":1.728094199,"remaining_time":5.129422464},
{"learn":[0.01586607037],"iteration":252,"passed_time":1.731520521,"remaining_time":5.112434106},
{"learn":[0.01575343264],"iteration":253,"passed_time":1.734430661,"remaining_time":5.094036509},
{"learn":[0.01563641299],"iteration":254,"passed_time":1.738137769,"remaining_time":5.078088775},
{"learn":[0.01557183329],"iteration":255,"passed_time":1.741733375,"remaining_time":5.06191262},
{"learn":[0.01548745247],"iteration":256,"passed_time":1.747958539,"remaining_time":5.053436554},
{"learn":[0.01540313417],"iteration":257,"passed_time":1.752204207,"remaining_time":5.039284967},
{"learn":[0.01530462],"iteration":258,"passed_time":1.759826841,"remaining_time":5.034871387},
{"learn":[0.01520851398],"iteration":259,"passed_time":1.766700053,"remaining_time":5.02830015},
{"learn":[0.01515927862],"iteration":260,"passed_time":1.774547843,"remaining_time":5.024486039},
{"learn":[0.01505423479],"iteration":261,"passed_time":1.785974438,"remaining_time":5.030721891},
{"learn":[0.01496588582],"iteration":262,"passed_time":1.797217712,"remaining_time":5.036309711},
{"learn":[0.01487140951],"iteration":263,"passed_time":1.80649904,"remaining_time":5.036300355},
{"learn":[0.01477825732],"iteration":264,"passed_time":1.809156375,"remaining_time":5.017848815},
{"learn":[0.01469189255],"iteration":265,"passed_time":1.816214703,"remaining_time":5.011660121},
{"learn":[0.01459215027],"iteration":266,"passed_time":1.82456357,"remaining_time":5.009007853},
{"learn":[0.01449487995],"iteration":267,"passed_time":1.83144652,"remaining_time":5.002309151},
{"learn":[0.01442612212],"iteration":268,"passed_time":1.842858283,"remaining_time":5.007916004},
{"learn":[0.01436807779],"iteration":269,"passed_time":1.852448482,"remaining_time":5.008471822},
{"learn":[0.01428499228],"iteration":270,"passed_time":1.857765669,"remaining_time":4.997458202},
{"learn":[0.01419674436],"iteration":271,"passed_time":1.863378377,"remaining_time":4.98727742},
{"learn":[0.01413899044],"iteration":272,"passed_time":1.86692578,"remaining_time":4.971630192},
{"learn":[0.01404360507],"iteration":273,"passed_time":1.872745789,"remaining_time":4.962092858},
{"learn":[0.01398255174],"iteration":274,"passed_time":1.88156904,"remaining_time":4.960500195},
{"learn":[0.01388940012],"iteration":275,"passed_time":1.886242278,"remaining_time":4.947968874},
{"learn":[0.01381270287],"iteration":276,"passed_time":1.89144988,"remaining_time":4.936889037},
{"learn":[0.01372249653],"iteration":277,"passed_time":1.898540504,"remaining_time":4.930741884},
{"learn":[0.01366588112],"iteration":278,"passed_time":1.902816348,"remaining_time":4.917313932},
{"learn":[0.01358789829],"iteration":279,"passed_time":1.90685302,"remaining_time":4.903336337},
{"learn":[0.01350420648],"iteration":280,"passed_time":1.909910025,"remaining_time":4.886922805},
{"learn":[0.0134275135],"iteration":281,"passed_time":1.915925718,"remaining_time":4.878137111},
{"learn":[0.01337321023],"iteration":282,"passed_time":1.919816823,"remaining_time":4.863988206},
{"learn":[0.01331982511],"iteration":283,"passed_time":1.928133929,"remaining_time":4.861070046},
{"learn":[0.01326734318],"iteration":284,"passed_time":1.932519479,"remaining_time":4.848250624},
{"learn":[0.01320947995],"iteration":285,"passed_time":1.937480656,"remaining_time":4.836927233},
{"learn":[0.01315846805],"iteration":286,"passed_time":1.942486631,"remaining_time":4.825759471},
{"learn":[0.01307567835],"iteration":287,"passed_time":1.947049694,"remaining_time":4.813539522},
{"learn":[0.01302773812],"iteration":288,"passed_time":1.950600897,"remaining_time":4.798883176},
{"learn":[0.01297860052],"iteration":289,"passed_time":1.958349848,"remaining_time":4.794580662},
{"learn":[0.01290650107],"iteration":290,"passed_time":1.961874758,"remaining_time":4.779962898},
{"learn":[0.01285861086],"iteration":291,"passed_time":1.969197422,"remaining_time":4.774629366},
{"learn":[0.0128115419],"iteration":292,"passed_time":1.976644193,"remaining_time":4.769581721},
{"learn":[0.01273500936],"iteration":293,"passed_time":1.982603155,"remaining_time":4.760944992},
{"learn":[0.0126891616],"iteration":294,"passed_time":1.987255716,"remaining_time":4.749204339},
{"learn":[0.01261729065],"iteration":295,"passed_time":1.995503973,"remaining_time":4.746063502},
{"learn":[0.0125748848],"iteration":296,"passed_time":1.998834725,"remaining_time":4.731248525},
{"learn":[0.01253083007],"iteration":297,"passed_time":2.007089156,"remaining_time":4.728109354},
{"learn":[0.01246073049],"iteration":298,"passed_time":2.009649831,"remaining_time":4.711587062},
{"learn":[0.01242002467],"iteration":299,"passed_time":2.013275769,"remaining_time":4.697643462},
{"learn":[0.0123776986],"iteration":300,"passed_time":2.017232159,"remaining_time":4.68453581},
{"learn":[0.01230931772],"iteration":301,"passed_time":2.022880378,"remaining_time":4.675399018},
{"learn":[0.01226807063],"iteration":302,"passed_time":2.025092302,"remaining_time":4.658380642},
{"learn":[0.0122009974],"iteration":303,"passed_time":2.028234797,"remaining_time":4.643590194},
{"learn":[0.0121608034],"iteration":304,"passed_time":2.030073438,"remaining_time":4.625905047},
{"learn":[0.01212325706],"iteration":305,"passed_time":2.037317174,"remaining_time":4.620582088},
{"learn":[0.01208433036],"iteration":306,"passed_time":2.04490072,"remaining_time":4.616013678},
{"learn":[0.0120460847],"iteration":307,"passed_time":2.048265398,"remaining_time":4.601946932},
{"learn":[0.01200850832],"iteration":308,"passed_time":2.053076537,"remaining_time":4.5911841},
{"learn":[0.01194401921],"iteration":309,"passed_time":2.056413353,"remaining_time":4.577178108},
{"learn":[0.01190907845],"iteration":310,"passed_time":2.058613017,"remaining_time":4.560721442},
{"learn":[0.01184619675],"iteration":311,"passed_time":2.062769803,"remaining_time":4.548671873},
{"learn":[0.0117710707],"iteration":312,"passed_time":2.068892059,"remaining_time":4.540986724},
{"learn":[0.01174129241],"iteration":313,"passed_time":2.074558375,"remaining_time":4.532315432},
{"learn":[0.01170784421],"iteration":314,"passed_time":2.079653488,"remaining_time":4.522421078},
{"learn":[0.01167495242],"iteration":315,"passed_time":2.084913751,"remaining_time":4.512914575},
{"learn":[0.01160708527],"iteration":316,"passed_time":2.092738387,"remaining_time":4.508959996},
{"learn":[0.01153402971],"iteration":317,"passed_time":2.095650932,"remaining_time":4.494446339},
{"learn":[0.01150299701],"iteration":318,"passed_time":2.099766939,"remaining_time":4.482574562},
{"learn":[0.01147131668],"iteration":319,"passed_time":2.107334506,"remaining_time":4.478085826},
{"learn":[0.01140169401],"iteration":320,"passed_time":2.115261592,"remaining_time":4.474338383},
{"learn":[0.01137081736],"iteration":321,"passed_time":2.120540174,"remaining_time":4.464988318},
{"learn":[0.01130563287],"iteration":322,"passed_time":2.123378292,"remaining_time":4.450548309},
{"learn":[0.01125285479],"iteration":323,"passed_time":2.136335905,"remaining_time":4.457293432},
{"learn":[0.01118300248],"iteration":324,"passed_time":2.143900804,"remaining_time":4.452717055},
{"learn":[0.01115347862],"iteration":325,"passed_time":2.157861267,"remaining_time":4.461345073},
{"learn":[0.01112444712],"iteration":326,"passed_time":2.169674338,"remaining_time":4.465415381},
{"learn":[0.01110038818],"iteration":327,"passed_time":2.176713282,"remaining_time":4.459607699},
{"learn":[0.01103461824],"iteration":328,"passed_time":2.194566769,"remaining_time":4.475848943},
{"learn":[0.01097266796],"iteration":329,"passed_time":2.203415046,"remaining_time":4.473600245},
{"learn":[0.01091165164],"iteration":330,"passed_time":2.214403429,"remaining_time":4.475637143},
{"learn":[0.01085155548],"iteration":331,"passed_time":2.240762752,"remaining_time":4.508522646},
{"learn":[0.01078810852],"iteration":332,"passed_time":2.25174526,"remaining_time":4.510252517},
{"learn":[0.01072523114],"iteration":333,"passed_time":2.256957051,"remaining_time":4.50039939},
{"learn":[0.0106668212],"iteration":334,"passed_time":2.262664106,"remaining_time":4.491557107},
{"learn":[0.01060929731],"iteration":335,"passed_time":2.272673913,"remaining_time":4.491236543},
{"learn":[0.01054829093],"iteration":336,"passed_time":2.28675112,"remaining_time":4.498860511},
{"learn":[0.01048827555],"iteration":337,"passed_time":2.289218625,"remaining_time":4.483617543},
{"learn":[0.01042840578],"iteration":338,"passed_time":2.299959202,"remaining_time":4.484581218},
{"learn":[0.0103728666],"iteration":339,"passed_time":2.30849542,"remaining_time":4.481196991},
{"learn":[0.01031817669],"iteration":340,"passed_time":2.32673132,"remaining_time":4.496527683},
{"learn":[0.01025998629],"iteration":341,"passed_time":2.335292348,"remaining_time":4.493047851},
{"learn":[0.01020647719],"iteration":342,"passed_time":2.344444701,"remaining_time":4.490671045},
{"learn":[0.01014958409],"iteration":343,"passed_time":2.353668014,"remaining_time":4.488390166},
{"learn":[0.01009340729],"iteration":344,"passed_time":2.363002838,"remaining_time":4.486280751},
{"learn":[0.01003400596],"iteration":345,"passed_time":2.381548375,"remaining_time":4.501539413},
{"learn":[0.009987276191],"iteration":346,"passed_time":2.401343297,"remaining_time":4.518954388},
{"learn":[0.009929167101],"iteration":347,"passed_time":2.414953359,"remaining_time":4.524567788},
{"learn":[0.009878190521],"iteration":348,"passed_time":2.430612937,"remaining_time":4.533894045},
{"learn":[0.009824694217],"iteration":349,"passed_time":2.437549197,"remaining_time":4.526877081},
{"learn":[0.009779400965],"iteration":350,"passed_time":2.445001783,"remaining_time":4.520815263},
{"learn":[0.009726066398],"iteration":351,"passed_time":2.454400801,"remaining_time":4.518328747},
{"learn":[0.009670425949],"iteration":352,"passed_time":2.469463033,"remaining_time":4.526182954},
{"learn":[0.009626080699],"iteration":353,"passed_time":2.479554505,"remaining_time":4.524836752},
{"learn":[0.009577494579],"iteration":354,"passed_time":2.486478379,"remaining_time":4.517686068},
{"learn":[0.009533951639],"iteration":355,"passed_time":2.490818524,"remaining_time":4.505862723},
{"learn":[0.009486441731],"iteration":356,"passed_time":2.494006923,"remaining_time":4.492006866},
{"learn":[0.009443686992],"iteration":357,"passed_time":2.500995441,"remaining_time":4.485025344},
{"learn":[0.009401400919],"iteration":358,"passed_time":2.509983711,"remaining_time":4.481614369},
{"learn":[0.009348305436],"iteration":359,"passed_time":2.518398179,"remaining_time":4.477152318},
{"learn":[0.009297930353],"iteration":360,"passed_time":2.527110324,"remaining_time":4.473195282},
{"learn":[0.009248410945],"iteration":361,"passed_time":2.535967991,"remaining_time":4.469468449},
{"learn":[0.009207210984],"iteration":362,"passed_time":2.544237061,"remaining_time":4.464680463},
{"learn":[0.009166464831],"iteration":363,"passed_time":2.553424681,"remaining_time":4.46147829},
{"learn":[0.009115376754],"iteration":364,"passed_time":2.556351856,"remaining_time":4.447351859},
{"learn":[0.009067389001],"iteration":365,"passed_time":2.559273309,"remaining_time":4.433276716},
{"learn":[0.009027494551],"iteration":366,"passed_time":2.562123281,"remaining_time":4.419139064},
{"learn":[0.008988041296],"iteration":367,"passed_time":2.570847127,"remaining_time":4.415150501},
{"learn":[0.00893858987],"iteration":368,"passed_time":2.578445308,"remaining_time":4.409211354},
{"learn":[0.008892083864],"iteration":369,"passed_time":2.586841258,"remaining_time":4.404621601},
{"learn":[0.008853453166],"iteration":370,"passed_time":2.59409683,"remaining_time":4.398077914},
{"learn":[0.008815251494],"iteration":371,"passed_time":2.602006118,"remaining_time":4.392633985},
{"learn":[0.008767385792],"iteration":372,"passed_time":2.607089749,"remaining_time":4.382427004},
{"learn":[0.008729808514],"iteration":373,"passed_time":2.610232487,"remaining_time":4.368998762},
{"learn":[0.008684906498],"iteration":374,"passed_time":2.636402007,"remaining_time":4.394003346},
{"learn":[0.008647916549],"iteration":375,"passed_time":2.645978061,"remaining_time":4.391197632},
{"learn":[0.008611339665],"iteration":376,"passed_time":2.659792542,"remaining_time":4.395360089},
{"learn":[0.008574659024],"iteration":377,"passed_time":2.671804025,"remaining_time":4.396460592},
{"learn":[0.008528888287],"iteration":378,"passed_time":2.691691847,"remaining_time":4.410397459},
{"learn":[0.008493123902],"iteration":379,"passed_time":2.713353853,"remaining_time":4.427051023},
{"learn":[0.008450140041],"iteration":380,"passed_time":2.720606464,"remaining_time":4.420092917},
{"learn":[0.008414934417],"iteration":381,"passed_time":2.726977845,"remaining_time":4.411707613},
{"learn":[0.008380125203],"iteration":382,"passed_time":2.729869616,"remaining_time":4.397727293},
{"learn":[0.008336007352],"iteration":383,"passed_time":2.731942809,"remaining_time":4.382491589},
{"learn":[0.008296759567],"iteration":384,"passed_time":2.733699847,"remaining_time":4.366819236},
{"learn":[0.008262792322],"iteration":385,"passed_time":2.740886906,"remaining_time":4.359856375},
{"learn":[0.008221477071],"iteration":386,"passed_time":2.743562347,"remaining_time":4.345746043},
{"learn":[0.008188041215],"iteration":387,"passed_time":2.746304609,"remaining_time":4.331800053},
{"learn":[0.008154984193],"iteration":388,"passed_time":2.748862847,"remaining_time":4.317622621},
{"learn":[0.00811468595],"iteration":389,"passed_time":2.754814905,"remaining_time":4.308813057},
{"learn":[0.008072644177],"iteration":390,"passed_time":2.758404891,"remaining_time":4.296339076},
{"learn":[0.008040275237],"iteration":391,"passed_time":2.760076281,"remaining_time":4.280934639},
{"learn":[0.008001066529],"iteration":392,"passed_time":2.762570034,"remaining_time":4.266870256},
{"learn":[0.007969202578],"iteration":393,"passed_time":2.763308674,"remaining_time":4.250165117},
{"learn":[0.007928512691],"iteration":394,"passed_time":2.763893524,"remaining_time":4.23330527},
{"learn":[0.007897176759],"iteration":395,"passed_time":2.764500758,"remaining_time":4.216561763},
{"learn":[0.007860154736],"iteration":396,"passed_time":2.765148795,"remaining_time":4.199961519},
{"learn":[0.00782929953],"iteration":397,"passed_time":2.771852274,"remaining_time":4.192600676},
{"learn":[0.007798798527],"iteration":398,"passed_time":2.775090698,"remaining_time":4.180023834},
{"learn":[0.007761209855],"iteration":399,"passed_time":2.782304872,"remaining_time":4.173457308},
{"learn":[0.007731184619],"iteration":400,"passed_time":2.787737753,"remaining_time":4.164226719},
{"learn":[0.007695328254],"iteration":401,"passed_time":2.790504948,"remaining_time":4.15104965},
{"learn":[0.007665765398],"iteration":402,"passed_time":2.802101797,"remaining_time":4.151004399},
{"learn":[0.007636544269],"iteration":403,"passed_time":2.809763778,"remaining_time":4.145097058},
{"learn":[0.007600154385],"iteration":404,"passed_time":2.812838673,"remaining_time":4.132442001},
{"learn":[0.0075624931],"iteration":405,"passed_time":2.815569031,"remaining_time":4.119330061},
{"learn":[0.007533877071],"iteration":406,"passed_time":2.820537719,"remaining_time":4.109530386},
{"learn":[0.007505593583],"iteration":407,"passed_time":2.830954057,"remaining_time":4.107658827},
{"learn":[0.00747029707],"iteration":408,"passed_time":2.83684897,"remaining_time":4.099212081},
{"learn":[0.007412904974],"iteration":409,"passed_time":2.839882636,"remaining_time":4.086660379},
{"learn":[0.007355965489],"iteration":410,"passed_time":2.842570889,"remaining_time":4.073659985},
{"learn":[0.007299757201],"iteration":411,"passed_time":2.849527702,"remaining_time":4.066801671},
{"learn":[0.0072442701],"iteration":412,"passed_time":2.857746379,"remaining_time":4.061736379},
{"learn":[0.007189744352],"iteration":413,"passed_time":2.862738707,"remaining_time":4.052089087},
{"learn":[0.007135659915],"iteration":414,"passed_time":2.872405534,"remaining_time":4.049053584},
{"learn":[0.007090920169],"iteration":415,"passed_time":2.877421112,"remaining_time":4.039456562},
{"learn":[0.0070467273],"iteration":416,"passed_time":2.881150659,"remaining_time":4.028083536},
{"learn":[0.007020520534],"iteration":417,"passed_time":2.891122665,"remaining_time":4.025438735},
{"learn":[0.006980656182],"iteration":418,"passed_time":2.898512179,"remaining_time":4.019177986},
{"learn":[0.006941315151],"iteration":419,"passed_time":2.903381454,"remaining_time":4.009431532},
{"learn":[0.006905062147],"iteration":420,"passed_time":2.90824496,"remaining_time":3.999700313},
{"learn":[0.006862300467],"iteration":421,"passed_time":2.910825545,"remaining_time":3.98686532},
{"learn":[0.006824048421],"iteration":422,"passed_time":2.917937528,"remaining_time":3.980259937},
{"learn":[0.006786297421],"iteration":423,"passed_time":2.923252712,"remaining_time":3.971211232},
{"learn":[0.006749040403],"iteration":424,"passed_time":2.926382898,"remaining_time":3.959223921},
{"learn":[0.00670245046],"iteration":425,"passed_time":2.93173917,"remaining_time":3.95027766},
{"learn":[0.006667801478],"iteration":426,"passed_time":2.934240299,"remaining_time":3.937516841},
{"learn":[0.006626879333],"iteration":427,"passed_time":2.940929809,"remaining_time":3.93040152},
{"learn":[0.006581485717],"iteration":428,"passed_time":2.947632275,"remaining_time":3.923305429},
{"learn":[0.006541343459],"iteration":429,"passed_time":2.955752893,"remaining_time":3.918091044},
{"learn":[0.006515173857],"iteration":430,"passed_time":2.962026441,"remaining_time":3.910424698},
{"learn":[0.006478074805],"iteration":431,"passed_time":2.971613266,"remaining_time":3.907121146},
{"learn":[0.006452442436],"iteration":432,"passed_time":2.989938742,"remaining_time":3.915231563},
{"learn":[0.006427138284],"iteration":433,"passed_time":3.00108896,"remaining_time":3.913862561},
{"learn":[0.006402157817],"iteration":434,"passed_time":3.021652914,"remaining_time":3.924675624},
{"learn":[0.006377496574],"iteration":435,"passed_time":3.042255802,"remaining_time":3.93539512},
{"learn":[0.006341611074],"iteration":436,"passed_time":3.052884121,"remaining_time":3.933120733},
{"learn":[0.006317455036],"iteration":437,"passed_time":3.065458042,"remaining_time":3.93330461},
{"learn":[0.006293606964],"iteration":438,"passed_time":3.075415764,"remaining_time":3.930087116},
{"learn":[0.006270062643],"iteration":439,"passed_time":3.084494924,"remaining_time":3.925720813},
{"learn":[0.006235151342],"iteration":440,"passed_time":3.090864448,"remaining_time":3.917898472},
{"learn":[0.006212088533],"iteration":441,"passed_time":3.094739874,"remaining_time":3.906934049},
{"learn":[0.006189318818],"iteration":442,"passed_time":3.097823044,"remaining_time":3.895005498},
{"learn":[0.006155066335],"iteration":443,"passed_time":3.103473409,"remaining_time":3.886331566},
{"learn":[0.006132758037],"iteration":444,"passed_time":3.112271569,"remaining_time":3.881597125},
{"learn":[0.006110732674],"iteration":445,"passed_time":3.12006236,"remaining_time":3.875593156},
{"learn":[0.006088986418],"iteration":446,"passed_time":3.12755868,"remaining_time":3.869216891},
{"learn":[0.00605210921],"iteration":447,"passed_time":3.130490394,"remaining_time":3.857211379},
{"learn":[0.006030771666],"iteration":448,"passed_time":3.14009328,"remaining_time":3.853432956},
{"learn":[0.006009703727],"iteration":449,"passed_time":3.147527142,"remaining_time":3.846977618},
{"learn":[0.005975161176],"iteration":450,"passed_time":3.154315132,"remaining_time":3.839731724},
{"learn":[0.005954467455],"iteration":451,"passed_time":3.158661129,"remaining_time":3.82952721},
{"learn":[0.005937357744],"iteration":452,"passed_time":3.161112234,"remaining_time":3.817060468},
{"learn":[0.005920441365],"iteration":453,"passed_time":3.171856271,"remaining_time":3.814611287},
{"learn":[0.005886574995],"iteration":454,"passed_time":3.176728666,"remaining_time":3.805092578},
{"learn":[0.005869922112],"iteration":455,"passed_time":3.18456253,"remaining_time":3.799127228},
{"learn":[0.00585345671],"iteration":456,"passed_time":3.18980528,"remaining_time":3.790074983},
{"learn":[0.005820146079],"iteration":457,"passed_time":3.196278952,"remaining_time":3.782496052},
{"learn":[0.005791852151],"iteration":458,"passed_time":3.201218907,"remaining_time":3.773114223},
{"learn":[0.005764005006],"iteration":459,"passed_time":3.207143862,"remaining_time":3.764908012},
{"learn":[0.00573136697],"iteration":460,"passed_time":3.210824977,"remaining_time":3.754088205},
{"learn":[0.005704087785],"iteration":461,"passed_time":3.223685352,"remaining_time":3.75398857},
{"learn":[0.00567723749],"iteration":462,"passed_time":3.226770809,"remaining_time":3.742496597},
{"learn":[0.005645249633],"iteration":463,"passed_time":3.235961054,"remaining_time":3.738092941},
{"learn":[0.005618942787],"iteration":464,"passed_time":3.240595626,"remaining_time":3.728427225},
{"learn":[0.005587466138],"iteration":465,"passed_time":3.243446254,"remaining_time":3.716738841},
{"learn":[0.005561689206],"iteration":466,"passed_time":3.250321682,"remaining_time":3.70968192},
{"learn":[0.005534487506],"iteration":467,"passed_time":3.256145374,"remaining_time":3.701430212},
{"learn":[0.005506663979],"iteration":468,"passed_time":3.259790173,"remaining_time":3.690721923},
{"learn":[0.005471236567],"iteration":469,"passed_time":3.263209701,"remaining_time":3.679789663},
{"learn":[0.005446351231],"iteration":470,"passed_time":3.269711114,"remaining_time":3.672350699},
{"learn":[0.005418597772],"iteration":471,"passed_time":3.275881154,"remaining_time":3.664545019},
{"learn":[0.005391293153],"iteration":472,"passed_time":3.282999961,"remaining_time":3.657803339},
{"learn":[0.005376165912],"iteration":473,"passed_time":3.288835027,"remaining_time":3.649635494},
{"learn":[0.005347242182],"iteration":474,"passed_time":3.291571572,"remaining_time":3.63805279},
{"learn":[0.005332334519],"iteration":475,"passed_time":3.29693515,"remaining_time":3.629399199},
{"learn":[0.005317591234],"iteration":476,"passed_time":3.302606896,"remaining_time":3.621097289},
{"learn":[0.00528822205],"iteration":477,"passed_time":3.304900701,"remaining_time":3.609117502},
{"learn":[0.005263595421],"iteration":478,"passed_time":3.312600832,"remaining_time":3.603058525},
{"learn":[0.005230152467],"iteration":479,"passed_time":3.317730254,"remaining_time":3.594207775},
{"learn":[0.00520227621],"iteration":480,"passed_time":3.325924287,"remaining_time":3.58867922},
{"learn":[0.005174868481],"iteration":481,"passed_time":3.331396205,"remaining_time":3.580214179},
{"learn":[0.00516058209],"iteration":482,"passed_time":3.33822562,"remaining_time":3.573214587},
{"learn":[0.005129066171],"iteration":483,"passed_time":3.34460631,"remaining_time":3.565737305},
{"learn":[0.005115005984],"iteration":484,"passed_time":3.35104474,"remaining_time":3.558325858},
{"learn":[0.00510110041],"iteration":485,"passed_time":3.357449312,"remaining_time":3.550882606},
{"learn":[0.005068764072],"iteration":486,"passed_time":3.364703536,"remaining_time":3.544338632},
{"learn":[0.005042215524],"iteration":487,"passed_time":3.371173444,"remaining_time":3.536968859},
{"learn":[0.005028526586],"iteration":488,"passed_time":3.378699118,"remaining_time":3.530706031},
{"learn":[0.005002511832],"iteration":489,"passed_time":3.385038395,"remaining_time":3.523203228},
{"learn":[0.00497201844],"iteration":490,"passed_time":3.391335901,"remaining_time":3.515661861},
{"learn":[0.004958592001],"iteration":491,"passed_time":3.399654417,"remaining_time":3.510212284},
{"learn":[0.004933066377],"iteration":492,"passed_time":3.40781062,"remaining_time":3.504584146},
{"learn":[0.004903044473],"iteration":493,"passed_time":3.41385165,"remaining_time":3.496779221},
{"learn":[0.004889875079],"iteration":494,"passed_time":3.421436846,"remaining_time":3.490556783},
{"learn":[0.004867677532],"iteration":495,"passed_time":3.437905921,"remaining_time":3.493356017},
{"learn":[0.004836948013],"iteration":496,"passed_time":3.447279819,"remaining_time":3.488896879},
{"learn":[0.004813011335],"iteration":497,"passed_time":3.45007448,"remaining_time":3.477785922},
{"learn":[0.004788376102],"iteration":498,"passed_time":3.453017912,"remaining_time":3.466857663},
{"learn":[0.004758325132],"iteration":499,"passed_time":3.471951484,"remaining_time":3.471951484},
{"learn":[0.00473423162],"iteration":500,"passed_time":3.479068853,"remaining_time":3.465180355},
{"learn":[0.004721510404],"iteration":501,"passed_time":3.487736351,"remaining_time":3.459945623},
{"learn":[0.004697866031],"iteration":502,"passed_time":3.497253107,"remaining_time":3.45553637},
{"learn":[0.004663876167],"iteration":503,"passed_time":3.504639801,"remaining_time":3.449010597},
{"learn":[0.004630333491],"iteration":504,"passed_time":3.514124215,"remaining_time":3.444537597},
{"learn":[0.004602320547],"iteration":505,"passed_time":3.523117585,"remaining_time":3.439565389},
{"learn":[0.004579523497],"iteration":506,"passed_time":3.526525642,"remaining_time":3.429146235},
{"learn":[0.004557109085],"iteration":507,"passed_time":3.534168156,"remaining_time":3.422855774},
{"learn":[0.00452456331],"iteration":508,"passed_time":3.540961326,"remaining_time":3.41574069},
{"learn":[0.004492445667],"iteration":509,"passed_time":3.555070587,"remaining_time":3.415656054},
{"learn":[0.004460750355],"iteration":510,"passed_time":3.563535319,"remaining_time":3.410115012},
{"learn":[0.004433832474],"iteration":511,"passed_time":3.573529258,"remaining_time":3.406020074},
{"learn":[0.004402755569],"iteration":512,"passed_time":3.587402358,"remaining_time":3.405584695},
{"learn":[0.00437209292],"iteration":513,"passed_time":3.601697585,"remaining_time":3.40549616},
{"learn":[0.004345842093],"iteration":514,"passed_time":3.609814726,"remaining_time":3.399534257},
{"learn":[0.004314058012],"iteration":515,"passed_time":3.619871752,"remaining_time":3.395383581},
{"learn":[0.004288220949],"iteration":516,"passed_time":3.636397504,"remaining_time":3.397253374},
{"learn":[0.004257122349],"iteration":517,"passed_time":3.64502071,"remaining_time":3.391698807},
{"learn":[0.004231690836],"iteration":518,"passed_time":3.659327843,"remaining_time":3.391400178},
{"learn":[0.004201263086],"iteration":519,"passed_time":3.669930294,"remaining_time":3.387627964},
{"learn":[0.004182622664],"iteration":520,"passed_time":3.685339418,"remaining_time":3.388248716},
{"learn":[0.004157697049],"iteration":521,"passed_time":3.69483629,"remaining_time":3.38339415},
{"learn":[0.004131892156],"iteration":522,"passed_time":3.701373238,"remaining_time":3.375822246},
{"learn":[0.00411381222],"iteration":523,"passed_time":3.705048622,"remaining_time":3.365654855},
{"learn":[0.004088544717],"iteration":524,"passed_time":3.717739474,"remaining_time":3.363669048},
{"learn":[0.004063976846],"iteration":525,"passed_time":3.724908312,"remaining_time":3.356666426},
{"learn":[0.004034871734],"iteration":526,"passed_time":3.728592141,"remaining_time":3.346535261},
{"learn":[0.004015479543],"iteration":527,"passed_time":3.737664178,"remaining_time":3.34124525},
{"learn":[0.003990744505],"iteration":528,"passed_time":3.746423967,"remaining_time":3.335662927},
{"learn":[0.003968380488],"iteration":529,"passed_time":3.760586256,"remaining_time":3.33485951},
{"learn":[0.003941099634],"iteration":530,"passed_time":3.762871679,"remaining_time":3.323515664},
{"learn":[0.003914176242],"iteration":531,"passed_time":3.772101211,"remaining_time":3.3183146},
{"learn":[0.003893795116],"iteration":532,"passed_time":3.779636537,"remaining_time":3.311614002},
{"learn":[0.003870037751],"iteration":533,"passed_time":3.785930081,"remaining_time":3.303826625},
{"learn":[0.003847039223],"iteration":534,"passed_time":3.793869253,"remaining_time":3.297475145},
{"learn":[0.003825641343],"iteration":535,"passed_time":3.798069792,"remaining_time":3.287881313},
{"learn":[0.00379530052],"iteration":536,"passed_time":3.807502741,"remaining_time":3.282818937},
{"learn":[0.00376955081],"iteration":537,"passed_time":3.815392095,"remaining_time":3.276414773},
{"learn":[0.00374413904],"iteration":538,"passed_time":3.824313361,"remaining_time":3.27088768},
{"learn":[0.003721763887],"iteration":539,"passed_time":3.833332628,"remaining_time":3.265431498},
{"learn":[0.003702485968],"iteration":540,"passed_time":3.836742696,"remaining_time":3.255203137},
{"learn":[0.003680030221],"iteration":541,"passed_time":3.842840672,"remaining_time":3.247271269},
{"learn":[0.003657903828],"iteration":542,"passed_time":3.847315961,"remaining_time":3.237980468},
{"learn":[0.003636401441],"iteration":543,"passed_time":3.856079066,"remaining_time":3.23230157},
{"learn":[0.003607705739],"iteration":544,"passed_time":3.871840586,"remaining_time":3.232454067},
{"learn":[0.003592404334],"iteration":545,"passed_time":3.881222598,"remaining_time":3.227243698},
{"learn":[0.003571142039],"iteration":546,"passed_time":3.892186638,"remaining_time":3.223328239},
{"learn":[0.003547319814],"iteration":547,"passed_time":3.906912476,"remaining_time":3.222489853},
{"learn":[0.003525579297],"iteration":548,"passed_time":3.930248125,"remaining_time":3.228673779},
{"learn":[0.003504589149],"iteration":549,"passed_time":3.941492734,"remaining_time":3.224857692},
{"learn":[0.003477017209],"iteration":550,"passed_time":3.9615723,"remaining_time":3.228214088},
{"learn":[0.003466124627],"iteration":551,"passed_time":3.970692692,"remaining_time":3.22259117},
{"learn":[0.003445774571],"iteration":552,"passed_time":3.985739434,"remaining_time":3.22174598},
{"learn":[0.003425660959],"iteration":553,"passed_time":3.991276817,"remaining_time":3.213193972},
{"learn":[0.003404732494],"iteration":554,"passed_time":3.994133355,"remaining_time":3.202503321},
{"learn":[0.003384659709],"iteration":555,"passed_time":4.001785311,"remaining_time":3.195670284},
{"learn":[0.003374169434],"iteration":556,"passed_time":4.010665472,"remaining_time":3.189811138},
{"learn":[0.003351876779],"iteration":557,"passed_time":4.019515175,"remaining_time":3.183917038},
{"learn":[0.003332463574],"iteration":558,"passed_time":4.03236459,"remaining_time":3.181167772},
{"learn":[0.003312267982],"iteration":559,"passed_time":4.041309881,"remaining_time":3.175314906},
{"learn":[0.003302111322],"iteration":560,"passed_time":4.049292507,"remaining_time":3.168697701},
{"learn":[0.003280486179],"iteration":561,"passed_time":4.06392054,"remaining_time":3.167254798},
{"learn":[0.003260771535],"iteration":562,"passed_time":4.070153869,"remaining_time":3.159249096},
{"learn":[0.003250857975],"iteration":563,"passed_time":4.072640796,"remaining_time":3.148353523},
{"learn":[0.003232158179],"iteration":564,"passed_time":4.080266493,"remaining_time":3.141444114},
{"learn":[0.003212856491],"iteration":565,"passed_time":4.088877687,"remaining_time":3.135287838},
{"learn":[0.003203184691],"iteration":566,"passed_time":4.097815733,"remaining_time":3.129372509},
{"learn":[0.003184867331],"iteration":567,"passed_time":4.110520552,"remaining_time":3.126311405},
{"learn":[0.003165968218],"iteration":568,"passed_time":4.122041828,"remaining_time":3.122319909},
{"learn":[0.003148802717],"iteration":569,"passed_time":4.13349367,"remaining_time":3.118249611},
{"learn":[0.003128442828],"iteration":570,"passed_time":4.136324366,"remaining_time":3.107676275},
{"learn":[0.003110699865],"iteration":571,"passed_time":4.139185173,"remaining_time":3.097152542},
{"learn":[0.00309232201],"iteration":572,"passed_time":4.152644171,"remaining_time":3.094553335},
{"learn":[0.003083148842],"iteration":573,"passed_time":4.162157592,"remaining_time":3.088988039},
{"learn":[0.003065767599],"iteration":574,"passed_time":4.172258833,"remaining_time":3.083843485},
{"learn":[0.00304777033],"iteration":575,"passed_time":4.179204192,"remaining_time":3.076358641},
{"learn":[0.003031413796],"iteration":576,"passed_time":4.189324405,"remaining_time":3.07120316},
{"learn":[0.003013961972],"iteration":577,"passed_time":4.200717131,"remaining_time":3.066959566},
{"learn":[0.002995228483],"iteration":578,"passed_time":4.208173596,"remaining_time":3.059829161},
{"learn":[0.00297605337],"iteration":579,"passed_time":4.211248031,"remaining_time":3.049524436},
{"learn":[0.002958655586],"iteration":580,"passed_time":4.226637458,"remaining_time":3.048125809},
{"learn":[0.002935624406],"iteration":581,"passed_time":4.2424616,"remaining_time":3.046991321},
{"learn":[0.002919199221],"iteration":582,"passed_time":4.252866113,"remaining_time":3.041929964},
{"learn":[0.002902215981],"iteration":583,"passed_time":4.262015058,"remaining_time":3.035955931},
{"learn":[0.002890783374],"iteration":584,"passed_time":4.271623136,"remaining_time":3.030296755},
{"learn":[0.002879896299],"iteration":585,"passed_time":4.28076573,"remaining_time":3.024295243},
{"learn":[0.002863897061],"iteration":586,"passed_time":4.296354227,"remaining_time":3.022818221},
{"learn":[0.002847181798],"iteration":587,"passed_time":4.305705188,"remaining_time":3.016922682},
{"learn":[0.002831441556],"iteration":588,"passed_time":4.308480296,"remaining_time":3.006426828},
{"learn":[0.002814968067],"iteration":589,"passed_time":4.327835409,"remaining_time":3.007478843},
{"learn":[0.002799015434],"iteration":590,"passed_time":4.352481368,"remaining_time":3.012123316},
{"learn":[0.002784287969],"iteration":591,"passed_time":4.36490248,"remaining_time":3.008243601},
{"learn":[0.002762859718],"iteration":592,"passed_time":4.38835005,"remaining_time":3.011902986},
{"learn":[0.002745416133],"iteration":593,"passed_time":4.406230507,"remaining_time":3.011665969},
{"learn":[0.002729499166],"iteration":594,"passed_time":4.416363295,"remaining_time":3.006096024},
{"learn":[0.002718851645],"iteration":595,"passed_time":4.423471896,"remaining_time":2.998460815},
{"learn":[0.002703972479],"iteration":596,"passed_time":4.440795774,"remaining_time":2.99772311},
{"learn":[0.002688281811],"iteration":597,"passed_time":4.455753119,"remaining_time":2.995339053},
{"learn":[0.002674038925],"iteration":598,"passed_time":4.467324207,"remaining_time":2.990646089},
{"learn":[0.002653577147],"iteration":599,"passed_time":4.50926926,"remaining_time":3.006179507},
{"learn":[0.002638273753],"iteration":600,"passed_time":4.521167812,"remaining_time":3.001573971},
{"learn":[0.002628017935],"iteration":601,"passed_time":4.542505863,"remaining_time":3.00318494},
{"learn":[0.002611998611],"iteration":602,"passed_time":4.553267108,"remaining_time":2.997756288},
{"learn":[0.002595621772],"iteration":603,"passed_time":4.563347285,"remaining_time":2.991863452},
{"learn":[0.002580725577],"iteration":604,"passed_time":4.581707094,"remaining_time":2.991362483},
{"learn":[0.002561164466],"iteration":605,"passed_time":4.590845007,"remaining_time":2.98480682},
{"learn":[0.002547231325],"iteration":606,"passed_time":4.601631923,"remaining_time":2.979310289},
{"learn":[0.002532688223],"iteration":607,"passed_time":4.612770775,"remaining_time":2.974023263},
{"learn":[0.002522846052],"iteration":608,"passed_time":4.622976953,"remaining_time":2.968118208},
{"learn":[0.002513140763],"iteration":609,"passed_time":4.633556688,"remaining_time":2.962437882},
{"learn":[0.002498647307],"iteration":610,"passed_time":4.639036803,"remaining_time":2.953494789},
{"learn":[0.002483595409],"iteration":611,"passed_time":4.646213486,"remaining_time":2.945638615},
{"learn":[0.00247018261],"iteration":612,"passed_time":4.66814857,"remaining_time":2.947101952},
{"learn":[0.00245596312],"iteration":613,"passed_time":4.681359552,"remaining_time":2.943004539},
{"learn":[0.002440104765],"iteration":614,"passed_time":4.693665277,"remaining_time":2.938310783},
{"learn":[0.002424399682],"iteration":615,"passed_time":4.696309388,"remaining_time":2.927569489},
{"learn":[0.002415640086],"iteration":616,"passed_time":4.705999271,"remaining_time":2.921228073},
{"learn":[0.002400147744],"iteration":617,"passed_time":4.715063902,"remaining_time":2.914489338},
{"learn":[0.002384805105],"iteration":618,"passed_time":4.72990311,"remaining_time":2.911297391},
{"learn":[0.002369610726],"iteration":619,"passed_time":4.737216194,"remaining_time":2.903455087},
{"learn":[0.002354563183],"iteration":620,"passed_time":4.744780504,"remaining_time":2.895767811},
{"learn":[0.002336812457],"iteration":621,"passed_time":4.748842306,"remaining_time":2.885952398},
{"learn":[0.002324384417],"iteration":622,"passed_time":4.751592325,"remaining_time":2.875361648},
{"learn":[0.002307010613],"iteration":623,"passed_time":4.756988475,"remaining_time":2.866390491},
{"learn":[0.002293761525],"iteration":624,"passed_time":4.762276488,"remaining_time":2.857365893},
{"learn":[0.002281700207],"iteration":625,"passed_time":4.778058355,"remaining_time":2.854622724},
{"learn":[0.002264784278],"iteration":626,"passed_time":4.781629703,"remaining_time":2.84457397},
{"learn":[0.00224890989],"iteration":627,"passed_time":4.790094404,"remaining_time":2.837444456},
{"learn":[0.002240295594],"iteration":628,"passed_time":4.799405686,"remaining_time":2.830810031},
{"learn":[0.002227496018],"iteration":629,"passed_time":4.808432583,"remaining_time":2.824000088},
{"learn":[0.002211103295],"iteration":630,"passed_time":4.826480898,"remaining_time":2.822458718},
{"learn":[0.002199631727],"iteration":631,"passed_time":4.838660848,"remaining_time":2.817448089},
{"learn":[0.002191260836],"iteration":632,"passed_time":4.859095522,"remaining_time":2.817200721},
{"learn":[0.002178812851],"iteration":633,"passed_time":4.870224308,"remaining_time":2.811517503},
{"learn":[0.002162889675],"iteration":634,"passed_time":4.890009671,"remaining_time":2.81079296},
{"learn":[0.002157813283],"iteration":635,"passed_time":4.902131656,"remaining_time":2.80562252},
{"learn":[0.002145631822],"iteration":636,"passed_time":4.918551344,"remaining_time":2.802879337},
{"learn":[0.002130049102],"iteration":637,"passed_time":4.927956057,"remaining_time":2.796112998},
{"learn":[0.002125068143],"iteration":638,"passed_time":4.954465824,"remaining_time":2.799001819},
{"learn":[0.00211314646],"iteration":639,"passed_time":4.96580823,"remaining_time":2.79326713},
{"learn":[0.002097896677],"iteration":640,"passed_time":4.968582042,"remaining_time":2.782715995},
{"learn":[0.00209300884],"iteration":641,"passed_time":4.972912673,"remaining_time":2.773057223},
{"learn":[0.002088172483],"iteration":642,"passed_time":4.979144839,"remaining_time":2.764470774},
{"learn":[0.002076522837],"iteration":643,"passed_time":4.9894857,"remaining_time":2.758162903},
{"learn":[0.00206161944],"iteration":644,"passed_time":5.008299705,"remaining_time":2.756506039},
{"learn":[0.002056873248],"iteration":645,"passed_time":5.029850023,"remaining_time":2.756295523},
{"learn":[0.002045469888],"iteration":646,"passed_time":5.04615131,"remaining_time":2.753155197},
{"learn":[0.002030884353],"iteration":647,"passed_time":5.061762709,"remaining_time":2.749599496},
{"learn":[0.00202622619],"iteration":648,"passed_time":5.064110396,"remaining_time":2.738833204},
{"learn":[0.00201591178],"iteration":649,"passed_time":5.075334665,"remaining_time":2.732872512},
{"learn":[0.002008140577],"iteration":650,"passed_time":5.080801086,"remaining_time":2.723808877},
{"learn":[0.001993896104],"iteration":651,"passed_time":5.083556327,"remaining_time":2.713309205},
{"learn":[0.001989362208],"iteration":652,"passed_time":5.088492724,"remaining_time":2.703992305},
{"learn":[0.001978374962],"iteration":653,"passed_time":5.102050064,"remaining_time":2.699249728},
{"learn":[0.001973905778],"iteration":654,"passed_time":5.116291117,"remaining_time":2.694840359},
{"learn":[0.001959984025],"iteration":655,"passed_time":5.126249319,"remaining_time":2.688155131},
{"learn":[0.001950055485],"iteration":656,"passed_time":5.134568514,"remaining_time":2.680604262},
{"learn":[0.001942591611],"iteration":657,"passed_time":5.144541617,"remaining_time":2.673910689},
{"learn":[0.001932677906],"iteration":658,"passed_time":5.154619885,"remaining_time":2.667261579},
{"learn":[0.00191913689],"iteration":659,"passed_time":5.167818951,"remaining_time":2.662209763},
{"learn":[0.001914833388],"iteration":660,"passed_time":5.174890415,"remaining_time":2.653990697},
{"learn":[0.001904295164],"iteration":661,"passed_time":5.183040922,"remaining_time":2.64632603},
{"learn":[0.001891042822],"iteration":662,"passed_time":5.191771958,"remaining_time":2.638954977},
{"learn":[0.001886818299],"iteration":663,"passed_time":5.208243022,"remaining_time":2.635496469},
{"learn":[0.001879630746],"iteration":664,"passed_time":5.217961545,"remaining_time":2.628597169},
{"learn":[0.001868802415],"iteration":665,"passed_time":5.226352241,"remaining_time":2.621023496},
{"learn":[0.001855877075],"iteration":666,"passed_time":5.236482096,"remaining_time":2.614315649},
{"learn":[0.001845707521],"iteration":667,"passed_time":5.250137777,"remaining_time":2.609349913},
{"learn":[0.001833040927],"iteration":668,"passed_time":5.260891744,"remaining_time":2.602922522},
{"learn":[0.001828978827],"iteration":669,"passed_time":5.262836041,"remaining_time":2.592143125},
{"learn":[0.001816822835],"iteration":670,"passed_time":5.274439323,"remaining_time":2.586125987},
{"learn":[0.001812847402],"iteration":671,"passed_time":5.284764121,"remaining_time":2.579468202},
{"learn":[0.001802511792],"iteration":672,"passed_time":5.294696829,"remaining_time":2.572609009},
{"learn":[0.001790218101],"iteration":673,"passed_time":5.300273405,"remaining_time":2.563633724},
{"learn":[0.001786332256],"iteration":674,"passed_time":5.309319362,"remaining_time":2.556338952},
{"learn":[0.001775530815],"iteration":675,"passed_time":5.320513721,"remaining_time":2.550068706},
{"learn":[0.001771703365],"iteration":676,"passed_time":5.33106527,"remaining_time":2.543477226},
{"learn":[0.001759679722],"iteration":677,"passed_time":5.339552382,"remaining_time":2.535893609},
{"learn":[0.001755307741],"iteration":678,"passed_time":5.348971692,"remaining_time":2.528748031},
{"learn":[0.001745482595],"iteration":679,"passed_time":5.36910864,"remaining_time":2.52663936},
{"learn":[0.00173908846],"iteration":680,"passed_time":5.38501868,"remaining_time":2.522497737},
{"learn":[0.00173044172],"iteration":681,"passed_time":5.397748138,"remaining_time":2.516838574},
{"learn":[0.001718780589],"iteration":682,"passed_time":5.407234929,"remaining_time":2.509653693},
{"learn":[0.001707647881],"iteration":683,"passed_time":5.426353972,"remaining_time":2.506912069},
{"learn":[0.001701462461],"iteration":684,"passed_time":5.429771178,"remaining_time":2.496902075},
{"learn":[0.001691225088],"iteration":685,"passed_time":5.446509283,"remaining_time":2.493008622},
{"learn":[0.001685193411],"iteration":686,"passed_time":5.456135272,"remaining_time":2.485837467},
{"learn":[0.001676924203],"iteration":687,"passed_time":5.473479876,"remaining_time":2.482159479},
{"learn":[0.001665650979],"iteration":688,"passed_time":5.482962106,"remaining_time":2.47489291},
{"learn":[0.001655940036],"iteration":689,"passed_time":5.494595203,"remaining_time":2.468586251},
{"learn":[0.001646425965],"iteration":690,"passed_time":5.515641324,"remaining_time":2.466473472},
{"learn":[0.001636539584],"iteration":691,"passed_time":5.524088858,"remaining_time":2.458698509},
{"learn":[0.001627288586],"iteration":692,"passed_time":5.52742917,"remaining_time":2.448659098},
{"learn":[0.0016182247],"iteration":693,"passed_time":5.530227471,"remaining_time":2.438400009},
{"learn":[0.00160751608],"iteration":694,"passed_time":5.537599677,"remaining_time":2.430169642},
{"learn":[0.001598656985],"iteration":695,"passed_time":5.54084202,"remaining_time":2.420137894},
{"learn":[0.001592868129],"iteration":696,"passed_time":5.5464111,"remaining_time":2.411137106},
{"learn":[0.001588723625],"iteration":697,"passed_time":5.553687931,"remaining_time":2.402885036},
{"learn":[0.001584635301],"iteration":698,"passed_time":5.556335741,"remaining_time":2.392642429},
{"learn":[0.001574609955],"iteration":699,"passed_time":5.5694691,"remaining_time":2.386915328},
{"learn":[0.001571319422],"iteration":700,"passed_time":5.575746012,"remaining_time":2.378242593},
{"learn":[0.001563757665],"iteration":701,"passed_time":5.580713509,"remaining_time":2.369020834},
{"learn":[0.001554473521],"iteration":702,"passed_time":5.596376684,"remaining_time":2.364329837},
{"learn":[0.001548912154],"iteration":703,"passed_time":5.619954463,"remaining_time":2.362935399},
{"learn":[0.00154035732],"iteration":704,"passed_time":5.633924845,"remaining_time":2.357457914},
{"learn":[0.001530166406],"iteration":705,"passed_time":5.650166594,"remaining_time":2.352902236},
{"learn":[0.001526511181],"iteration":706,"passed_time":5.674019052,"remaining_time":2.351467584},
{"learn":[0.001518136337],"iteration":707,"passed_time":5.683885558,"remaining_time":2.344201388},
{"learn":[0.001508166279],"iteration":708,"passed_time":5.698706977,"remaining_time":2.338961538},
{"learn":[0.001504597736],"iteration":709,"passed_time":5.708217978,"remaining_time":2.331525653},
{"learn":[0.001497319315],"iteration":710,"passed_time":5.715083791,"remaining_time":2.323008742},
{"learn":[0.00149161555],"iteration":711,"passed_time":5.722453545,"remaining_time":2.31470031},
{"learn":[0.001487739461],"iteration":712,"passed_time":5.727351496,"remaining_time":2.30539955},
{"learn":[0.001484254583],"iteration":713,"passed_time":5.735959834,"remaining_time":2.297597356},
{"learn":[0.001476162991],"iteration":714,"passed_time":5.738225426,"remaining_time":2.28726468},
{"learn":[0.001467509866],"iteration":715,"passed_time":5.739858718,"remaining_time":2.276703737},
{"learn":[0.001461961943],"iteration":716,"passed_time":5.741561922,"remaining_time":2.266195292},
{"learn":[0.00145344209],"iteration":717,"passed_time":5.744386236,"remaining_time":2.256151697},
{"learn":[0.001446817772],"iteration":718,"passed_time":5.746109738,"remaining_time":2.245697964},
{"learn":[0.001436786838],"iteration":719,"passed_time":5.748021943,"remaining_time":2.235341867},
{"learn":[0.001427449683],"iteration":720,"passed_time":5.750086555,"remaining_time":2.225068167},
{"learn":[0.00141970282],"iteration":721,"passed_time":5.75191352,"remaining_time":2.214725704},
{"learn":[0.001409959349],"iteration":722,"passed_time":5.752672797,"remaining_time":2.203997738},
{"learn":[0.001401797827],"iteration":723,"passed_time":5.754401794,"remaining_time":2.193666982},
{"learn":[0.001392238871],"iteration":724,"passed_time":5.756435938,"remaining_time":2.183475701},
{"learn":[0.001384201627],"iteration":725,"passed_time":5.758296835,"remaining_time":2.173241505},
{"learn":[0.001374845348],"iteration":726,"passed_time":5.774337015,"remaining_time":2.16835489},
{"learn":[0.001366962448],"iteration":727,"passed_time":5.791201046,"remaining_time":2.163745446},
{"learn":[0.00135780437],"iteration":728,"passed_time":5.793100407,"remaining_time":2.153539383},
{"learn":[0.00134915321],"iteration":729,"passed_time":5.80242291,"remaining_time":2.146101624},
{"learn":[0.001341911071],"iteration":730,"passed_time":5.804592626,"remaining_time":2.136026561},
{"learn":[0.001333003771],"iteration":731,"passed_time":5.812239125,"remaining_time":2.127978259},
{"learn":[0.001325447771],"iteration":732,"passed_time":5.820497199,"remaining_time":2.120153823},
{"learn":[0.001316729013],"iteration":733,"passed_time":5.832494386,"remaining_time":2.113683252},
{"learn":[0.001308438958],"iteration":734,"passed_time":5.83610938,"remaining_time":2.104175491},
{"learn":[0.001299916474],"iteration":735,"passed_time":5.838030483,"remaining_time":2.094076152},
{"learn":[0.001292631443],"iteration":736,"passed_time":5.841166731,"remaining_time":2.084432632},
{"learn":[0.001284571104],"iteration":737,"passed_time":5.843288439,"remaining_time":2.074446573},
{"learn":[0.001276642443],"iteration":738,"passed_time":5.845380659,"remaining_time":2.064471383},
{"learn":[0.001270001076],"iteration":739,"passed_time":5.847867327,"remaining_time":2.054656088},
{"learn":[0.001262905746],"iteration":740,"passed_time":5.849858544,"remaining_time":2.044687399},
{"learn":[0.001255164713],"iteration":741,"passed_time":5.851861799,"remaining_time":2.034744399},
{"learn":[0.001248028674],"iteration":742,"passed_time":5.853954804,"remaining_time":2.024853815},
{"learn":[0.001240255907],"iteration":743,"passed_time":5.855242678,"remaining_time":2.014707158},
{"learn":[0.001233841316],"iteration":744,"passed_time":5.857435128,"remaining_time":2.004893903},
{"learn":[0.001226405584],"iteration":745,"passed_time":5.863194151,"remaining_time":1.996315435},
{"learn":[0.001219605917],"iteration":746,"passed_time":5.870344993,"remaining_time":1.988215908},
{"learn":[0.001212729241],"iteration":747,"passed_time":5.874866105,"remaining_time":1.979232966},
{"learn":[0.001206363982],"iteration":748,"passed_time":5.877752743,"remaining_time":1.969714204},
{"learn":[0.001199634635],"iteration":749,"passed_time":5.88568026,"remaining_time":1.96189342},
{"learn":[0.001192200412],"iteration":750,"passed_time":5.892895597,"remaining_time":1.953836223},
{"learn":[0.001185092854],"iteration":751,"passed_time":5.908015004,"remaining_time":1.948387927},
{"learn":[0.001178856415],"iteration":752,"passed_time":5.915295225,"remaining_time":1.940342524},
{"learn":[0.001171587579],"iteration":753,"passed_time":5.926532766,"remaining_time":1.933590266},
{"learn":[0.00116492805],"iteration":754,"passed_time":5.931436947,"remaining_time":1.92477093},
{"learn":[0.001158542142],"iteration":755,"passed_time":5.93320706,"remaining_time":1.914950427},
{"learn":[0.001155679305],"iteration":756,"passed_time":5.935333755,"remaining_time":1.905265657},
{"learn":[0.001149315701],"iteration":757,"passed_time":5.937022661,"remaining_time":1.895461061},
{"learn":[0.001144244711],"iteration":758,"passed_time":5.938985495,"remaining_time":1.885764828},
{"learn":[0.001138844835],"iteration":759,"passed_time":5.940908591,"remaining_time":1.876076397},
{"learn":[0.001132487054],"iteration":760,"passed_time":5.942902689,"remaining_time":1.866430674},
{"learn":[0.001127559506],"iteration":761,"passed_time":5.944393092,"remaining_time":1.856647711},
{"learn":[0.00112061576],"iteration":762,"passed_time":5.946343581,"remaining_time":1.847029395},
{"learn":[0.001115361589],"iteration":763,"passed_time":5.948049079,"remaining_time":1.837355475},
{"learn":[0.001110516059],"iteration":764,"passed_time":5.950048551,"remaining_time":1.827792692},
{"learn":[0.001104379104],"iteration":765,"passed_time":5.952156487,"remaining_time":1.818282791},
{"learn":[0.00110171584],"iteration":766,"passed_time":5.953859416,"remaining_time":1.808669158},
{"learn":[0.00109701765],"iteration":767,"passed_time":5.955687387,"remaining_time":1.799113898},
{"learn":[0.001092368997],"iteration":768,"passed_time":5.957743895,"remaining_time":1.789647386},
{"learn":[0.001087276853],"iteration":769,"passed_time":5.9611787,"remaining_time":1.780611819},
{"learn":[0.001080570201],"iteration":770,"passed_time":5.97118486,"remaining_time":1.773542585},
{"learn":[0.001074757874],"iteration":771,"passed_time":5.974632735,"remaining_time":1.764528839},
{"learn":[0.001069770568],"iteration":772,"passed_time":5.978364604,"remaining_time":1.755612891},
{"learn":[0.001065283681],"iteration":773,"passed_time":5.984978727,"remaining_time":1.747551928},
{"learn":[0.001060862892],"iteration":774,"passed_time":5.992146849,"remaining_time":1.739655537},
{"learn":[0.001054346028],"iteration":775,"passed_time":5.998135522,"remaining_time":1.731420563},
{"learn":[0.001047853181],"iteration":776,"passed_time":6.00117811,"remaining_time":1.722345841},
{"learn":[0.001041512031],"iteration":777,"passed_time":6.006438408,"remaining_time":1.713919443},
{"learn":[0.001035863467],"iteration":778,"passed_time":6.011638251,"remaining_time":1.705484022},
{"learn":[0.001032120208],"iteration":779,"passed_time":6.032960804,"remaining_time":1.701604329},
{"learn":[0.001027370249],"iteration":780,"passed_time":6.035581655,"remaining_time":1.692435829},
{"learn":[0.001021936312],"iteration":781,"passed_time":6.037484912,"remaining_time":1.683084029},
{"learn":[0.001017790678],"iteration":782,"passed_time":6.03920765,"remaining_time":1.673701226},
{"learn":[0.001014198735],"iteration":783,"passed_time":6.040739487,"remaining_time":1.664285369},
{"learn":[0.001008892812],"iteration":784,"passed_time":6.042485443,"remaining_time":1.654948242},
{"learn":[0.001004740047],"iteration":785,"passed_time":6.044265827,"remaining_time":1.645639805},
{"learn":[0.0009985379529],"iteration":786,"passed_time":6.045738595,"remaining_time":1.636267244},
{"learn":[0.0009950474843],"iteration":787,"passed_time":6.047499561,"remaining_time":1.626992268},
{"learn":[0.0009910053057],"iteration":788,"passed_time":6.048980358,"remaining_time":1.617661414},
{"learn":[0.0009855541859],"iteration":789,"passed_time":6.050479469,"remaining_time":1.608355302},
{"learn":[0.0009815950468],"iteration":790,"passed_time":6.051520034,"remaining_time":1.598947771},
{"learn":[0.0009762338762],"iteration":791,"passed_time":6.052858174,"remaining_time":1.58963952},
{"learn":[0.0009715170937],"iteration":792,"passed_time":6.054723726,"remaining_time":1.580489043},
{"learn":[0.0009676558107],"iteration":793,"passed_time":6.056286255,"remaining_time":1.571278298},
{"learn":[0.0009638192146],"iteration":794,"passed_time":6.057689936,"remaining_time":1.562045833},
{"learn":[0.0009600436839],"iteration":795,"passed_time":6.059365995,"remaining_time":1.552902843},
{"learn":[0.0009541849763],"iteration":796,"passed_time":6.060718725,"remaining_time":1.543696237},
{"learn":[0.0009509008952],"iteration":797,"passed_time":6.061886627,"remaining_time":1.53446253},
{"learn":[0.0009463185674],"iteration":798,"passed_time":6.067001369,"remaining_time":1.526241896},
{"learn":[0.000943108068],"iteration":799,"passed_time":6.075424829,"remaining_time":1.518856207},
{"learn":[0.0009394671377],"iteration":800,"passed_time":6.080827715,"remaining_time":1.510717497},
{"learn":[0.0009358895413],"iteration":801,"passed_time":6.087220822,"remaining_time":1.502830078},
{"learn":[0.0009307763266],"iteration":802,"passed_time":6.093880628,"remaining_time":1.49501181},
{"learn":[0.0009276597841],"iteration":803,"passed_time":6.100922713,"remaining_time":1.487289617},
{"learn":[0.0009241706708],"iteration":804,"passed_time":6.107532207,"remaining_time":1.479464323},
{"learn":[0.0009185472383],"iteration":805,"passed_time":6.115256726,"remaining_time":1.471910428},
{"learn":[0.0009151362268],"iteration":806,"passed_time":6.121489258,"remaining_time":1.46399929},
{"learn":[0.000911083236],"iteration":807,"passed_time":6.128450782,"remaining_time":1.456265532},
{"learn":[0.0009068570686],"iteration":808,"passed_time":6.138029024,"remaining_time":1.449151475},
{"learn":[0.0009026031075],"iteration":809,"passed_time":6.144935136,"remaining_time":1.441404538},
{"learn":[0.0008996118174],"iteration":810,"passed_time":6.146655023,"remaining_time":1.432451047},
{"learn":[0.0008955213974],"iteration":811,"passed_time":6.153382491,"remaining_time":1.424674764},
{"learn":[0.0008922262245],"iteration":812,"passed_time":6.159696303,"remaining_time":1.416805915},
{"learn":[0.0008883741642],"iteration":813,"passed_time":6.168593281,"remaining_time":1.409531143},
{"learn":[0.0008851349677],"iteration":814,"passed_time":6.175331195,"remaining_time":1.401762296},
{"learn":[0.000880279021],"iteration":815,"passed_time":6.182331408,"remaining_time":1.394055121},
{"learn":[0.0008747959364],"iteration":816,"passed_time":6.189566684,"remaining_time":1.386402329},
{"learn":[0.0008700426665],"iteration":817,"passed_time":6.195178638,"remaining_time":1.378389379},
{"learn":[0.0008659513271],"iteration":818,"passed_time":6.196243014,"remaining_time":1.369377272},
{"learn":[0.0008607739552],"iteration":819,"passed_time":6.197733982,"remaining_time":1.360478191},
{"learn":[0.0008576660341],"iteration":820,"passed_time":6.199254666,"remaining_time":1.351603636},
{"learn":[0.0008539038836],"iteration":821,"passed_time":6.200787315,"remaining_time":1.342749564},
{"learn":[0.0008494562338],"iteration":822,"passed_time":6.202549526,"remaining_time":1.333962656},
{"learn":[0.0008448722964],"iteration":823,"passed_time":6.203534688,"remaining_time":1.325026827},
{"learn":[0.0008396294383],"iteration":824,"passed_time":6.204641214,"remaining_time":1.316136015},
{"learn":[0.0008356998658],"iteration":825,"passed_time":6.206330746,"remaining_time":1.307386864},
{"learn":[0.000831210042],"iteration":826,"passed_time":6.207999065,"remaining_time":1.298650348},
{"learn":[0.0008273863167],"iteration":827,"passed_time":6.209658047,"remaining_time":1.289928966},
{"learn":[0.0008230032254],"iteration":828,"passed_time":6.211151569,"remaining_time":1.281190492},
{"learn":[0.0008199048332],"iteration":829,"passed_time":6.212386719,"remaining_time":1.272416557},
{"learn":[0.0008160342854],"iteration":830,"passed_time":6.213908253,"remaining_time":1.263719007},
{"learn":[0.0008128232741],"iteration":831,"passed_time":6.215889059,"remaining_time":1.255131445},
{"learn":[0.0008086346789],"iteration":832,"passed_time":6.217472702,"remaining_time":1.246480121},
{"learn":[0.0008055081948],"iteration":833,"passed_time":6.222750761,"remaining_time":1.238581087},
{"learn":[0.0008024373282],"iteration":834,"passed_time":6.228820387,"remaining_time":1.230844747},
{"learn":[0.0007986932787],"iteration":835,"passed_time":6.239172078,"remaining_time":1.223952417},
{"learn":[0.0007950496036],"iteration":836,"passed_time":6.248664811,"remaining_time":1.216884545},
{"learn":[0.0007909509903],"iteration":837,"passed_time":6.263628891,"remaining_time":1.210868592},
{"learn":[0.0007873928393],"iteration":838,"passed_time":6.270820946,"remaining_time":1.203339895},
{"learn":[0.0007833718968],"iteration":839,"passed_time":6.275823363,"remaining_time":1.195394926},
{"learn":[0.0007794137679],"iteration":840,"passed_time":6.284413311,"remaining_time":1.188135216},
{"learn":[0.0007755175268],"iteration":841,"passed_time":6.29099613,"remaining_time":1.180495711},
{"learn":[0.0007716822597],"iteration":842,"passed_time":6.302473481,"remaining_time":1.173770269},
{"learn":[0.000767907065],"iteration":843,"passed_time":6.309815999,"remaining_time":1.166269308},
{"learn":[0.0007644098976],"iteration":844,"passed_time":6.321036314,"remaining_time":1.159480034},
{"learn":[0.0007607145813],"iteration":845,"passed_time":6.323255555,"remaining_time":1.151041791},
{"learn":[0.0007589387077],"iteration":846,"passed_time":6.334634693,"remaining_time":1.144272855},
{"learn":[0.0007556541139],"iteration":847,"passed_time":6.340288922,"remaining_time":1.136466882},
{"learn":[0.0007520425723],"iteration":848,"passed_time":6.351741845,"remaining_time":1.129697313},
{"learn":[0.0007485550416],"iteration":849,"passed_time":6.35851645,"remaining_time":1.122091138},
{"learn":[0.000744516751],"iteration":850,"passed_time":6.370031447,"remaining_time":1.115316904},
{"learn":[0.0007409856988],"iteration":851,"passed_time":6.376964642,"remaining_time":1.107735642},
{"learn":[0.0007375101843],"iteration":852,"passed_time":6.383494198,"remaining_time":1.100086339},
{"learn":[0.0007340893782],"iteration":853,"passed_time":6.392455938,"remaining_time":1.092855465},
{"learn":[0.000730722462],"iteration":854,"passed_time":6.399800013,"remaining_time":1.085346201},
{"learn":[0.0007274086284],"iteration":855,"passed_time":6.407331106,"remaining_time":1.077868784},
{"learn":[0.000724068682],"iteration":856,"passed_time":6.41380179,"remaining_time":1.070214301},
{"learn":[0.0007201646275],"iteration":857,"passed_time":6.421265626,"remaining_time":1.062726945},
{"learn":[0.0007169062893],"iteration":858,"passed_time":6.426776999,"remaining_time":1.054919158},
{"learn":[0.0007137147864],"iteration":859,"passed_time":6.432822913,"remaining_time":1.04720373},
{"learn":[0.0007109714374],"iteration":860,"passed_time":6.441440952,"remaining_time":1.039907424},
{"learn":[0.0007085974619],"iteration":861,"passed_time":6.452547383,"remaining_time":1.033006426},
{"learn":[0.0007059098234],"iteration":862,"passed_time":6.464944341,"remaining_time":1.02630055},
{"learn":[0.0007029704903],"iteration":863,"passed_time":6.472248231,"remaining_time":1.018779814},
{"learn":[0.0007006602863],"iteration":864,"passed_time":6.489269204,"remaining_time":1.012776118},
{"learn":[0.0006983805792],"iteration":865,"passed_time":6.498524443,"remaining_time":1.005545353},
{"learn":[0.0006952766691],"iteration":866,"passed_time":6.509170308,"remaining_time":0.9985232422},
{"learn":[0.0006926735408],"iteration":867,"passed_time":6.52417798,"remaining_time":0.9921560983},
{"learn":[0.0006899056916],"iteration":868,"passed_time":6.529698553,"remaining_time":0.9843389073},
{"learn":[0.000687351097],"iteration":869,"passed_time":6.537883206,"remaining_time":0.9769250768},
{"learn":[0.0006846411149],"iteration":870,"passed_time":6.546732823,"remaining_time":0.9696079611},
{"learn":[0.0006816934685],"iteration":871,"passed_time":6.549046829,"remaining_time":0.9613279748},
{"learn":[0.0006784445795],"iteration":872,"passed_time":6.55556171,"remaining_time":0.9536727802},
{"learn":[0.0006757259911],"iteration":873,"passed_time":6.560446062,"remaining_time":0.9457851302},
{"learn":[0.0006736168739],"iteration":874,"passed_time":6.566867399,"remaining_time":0.9381239142},
{"learn":[0.000671535578],"iteration":875,"passed_time":6.574140948,"remaining_time":0.9305861616},
{"learn":[0.0006684076743],"iteration":876,"passed_time":6.582460706,"remaining_time":0.9231957433},
{"learn":[0.0006653458803],"iteration":877,"passed_time":6.590077523,"remaining_time":0.9157055328},
{"learn":[0.0006617046097],"iteration":878,"passed_time":6.605534245,"remaining_time":0.9092942477},
{"learn":[0.0006584055393],"iteration":879,"passed_time":6.612053488,"remaining_time":0.9016436574},
{"learn":[0.0006551710539],"iteration":880,"passed_time":6.619781459,"remaining_time":0.8941589031},
{"learn":[0.0006527683905],"iteration":881,"passed_time":6.627283323,"remaining_time":0.8866433471},
{"learn":[0.0006499820462],"iteration":882,"passed_time":6.643164536,"remaining_time":0.8802381095},
{"learn":[0.0006470128541],"iteration":883,"passed_time":6.65114683,"remaining_time":0.8727749234},
{"learn":[0.0006438776922],"iteration":884,"passed_time":6.656442327,"remaining_time":0.8649614323},
{"learn":[0.0006419833352],"iteration":885,"passed_time":6.663774524,"remaining_time":0.8574156837},
{"learn":[0.0006384106818],"iteration":886,"passed_time":6.672955609,"remaining_time":0.8501059569},
{"learn":[0.0006353600609],"iteration":887,"passed_time":6.679101519,"remaining_time":0.8424092006},
{"learn":[0.0006339824682],"iteration":888,"passed_time":6.680879333,"remaining_time":0.8341705354},
{"learn":[0.0006309980535],"iteration":889,"passed_time":6.686149697,"remaining_time":0.8263780524},
{"learn":[0.0006294328381],"iteration":890,"passed_time":6.69963012,"remaining_time":0.8195956039},
{"learn":[0.0006263956286],"iteration":891,"passed_time":6.706289453,"remaining_time":0.8119722656},
{"learn":[0.0006234069813],"iteration":892,"passed_time":6.714392879,"remaining_time":0.8045241188},
{"learn":[0.0006204661777],"iteration":893,"passed_time":6.721054705,"remaining_time":0.796903578},
{"learn":[0.0006171182548],"iteration":894,"passed_time":6.727153173,"remaining_time":0.7892190873},
{"learn":[0.000614250545],"iteration":895,"passed_time":6.729366647,"remaining_time":0.7810872001},
{"learn":[0.0006114289423],"iteration":896,"passed_time":6.731258947,"remaining_time":0.7729316294},
{"learn":[0.0006086527583],"iteration":897,"passed_time":6.733314758,"remaining_time":0.7648085806},
{"learn":[0.0006056167105],"iteration":898,"passed_time":6.735218289,"remaining_time":0.7566819212},
{"learn":[0.0006028946197],"iteration":899,"passed_time":6.737078126,"remaining_time":0.7485642363},
{"learn":[0.0006000739679],"iteration":900,"passed_time":6.738571229,"remaining_time":0.7404201461},
{"learn":[0.0005978665014],"iteration":901,"passed_time":6.739214425,"remaining_time":0.7321984631},
{"learn":[0.0005952044348],"iteration":902,"passed_time":6.741188776,"remaining_time":0.7241365573},
{"learn":[0.0005922664322],"iteration":903,"passed_time":6.742335714,"remaining_time":0.7160002528},
{"learn":[0.0005896560746],"iteration":904,"passed_time":6.743105716,"remaining_time":0.7078398265},
{"learn":[0.0005870878214],"iteration":905,"passed_time":6.745105339,"remaining_time":0.6998232912},
{"learn":[0.0005842198486],"iteration":906,"passed_time":6.746397531,"remaining_time":0.6917474867},
{"learn":[0.0005817013682],"iteration":907,"passed_time":6.747952437,"remaining_time":0.6837132425},
{"learn":[0.0005792235448],"iteration":908,"passed_time":6.749496455,"remaining_time":0.6756921643},
{"learn":[0.0005776024702],"iteration":909,"passed_time":6.751358494,"remaining_time":0.6677167742},
{"learn":[0.0005751684558],"iteration":910,"passed_time":6.753008872,"remaining_time":0.6597341269},
{"learn":[0.0005727738052],"iteration":911,"passed_time":6.754482199,"remaining_time":0.6517482824},
{"learn":[0.0005704164974],"iteration":912,"passed_time":6.756034352,"remaining_time":0.6437842154},
{"learn":[0.0005677650909],"iteration":913,"passed_time":6.757959217,"remaining_time":0.635869248},
{"learn":[0.000565816473],"iteration":914,"passed_time":6.759371782,"remaining_time":0.627919783},
{"learn":[0.0005644815557],"iteration":915,"passed_time":6.761273491,"remaining_time":0.6200294468},
{"learn":[0.000562594741],"iteration":916,"passed_time":6.762936224,"remaining_time":0.6121305415},
{"learn":[0.0005612972454],"iteration":917,"passed_time":6.764730529,"remaining_time":0.6042569753},
{"learn":[0.0005600212489],"iteration":918,"passed_time":6.766288903,"remaining_time":0.5963758446},
{"learn":[0.0005568569401],"iteration":919,"passed_time":6.767605892,"remaining_time":0.5884874688},
{"learn":[0.0005542856249],"iteration":920,"passed_time":6.76952076,"remaining_time":0.5806646472},
{"learn":[0.0005530296313],"iteration":921,"passed_time":6.771146869,"remaining_time":0.5728302123},
{"learn":[0.0005512408886],"iteration":922,"passed_time":6.772635098,"remaining_time":0.5649977275},
{"learn":[0.0005481692006],"iteration":923,"passed_time":6.774458326,"remaining_time":0.5572065289},
{"learn":[0.0005456544186],"iteration":924,"passed_time":6.776022368,"remaining_time":0.549407219},
{"learn":[0.000544432657],"iteration":925,"passed_time":6.777284481,"remaining_time":0.541597248},
{"learn":[0.0005414070415],"iteration":926,"passed_time":6.77849357,"remaining_time":0.5337972283},
{"learn":[0.0005384447948],"iteration":927,"passed_time":6.781738833,"remaining_time":0.5261693922},
{"learn":[0.0005355446347],"iteration":928,"passed_time":6.787789239,"remaining_time":0.5187653778},
{"learn":[0.0005327053013],"iteration":929,"passed_time":6.793648429,"remaining_time":0.5113498817},
{"learn":[0.0005299255562],"iteration":930,"passed_time":6.803078929,"remaining_time":0.5042024126},
{"learn":[0.0005280551543],"iteration":931,"passed_time":6.810435548,"remaining_time":0.496898731},
{"learn":[0.0005256423207],"iteration":932,"passed_time":6.827455273,"remaining_time":0.4902888567},
{"learn":[0.0005229393646],"iteration":933,"passed_time":6.836708631,"remaining_time":0.4831078904},
{"learn":[0.0005202931898],"iteration":934,"passed_time":6.85033674,"remaining_time":0.4762266183},
{"learn":[0.0005177404942],"iteration":935,"passed_time":6.86955577,"remaining_time":0.4697132151},
{"learn":[0.0005159348708],"iteration":936,"passed_time":6.87444701,"remaining_time":0.4622093508},
{"learn":[0.000514157308],"iteration":937,"passed_time":6.875628079,"remaining_time":0.4544658219},
{"learn":[0.0005124072776],"iteration":938,"passed_time":6.877482187,"remaining_time":0.446779993},
{"learn":[0.0005100932397],"iteration":939,"passed_time":6.879821242,"remaining_time":0.4391375261},
{"learn":[0.0005075531265],"iteration":940,"passed_time":6.882031276,"remaining_time":0.4314982416},
{"learn":[0.0005046924466],"iteration":941,"passed_time":6.884107917,"remaining_time":0.4238622709},
{"learn":[0.0005029961367],"iteration":942,"passed_time":6.886887523,"remaining_time":0.416280582},
{"learn":[0.0005012915889],"iteration":943,"passed_time":6.890506152,"remaining_time":0.4087588395},
{"learn":[0.0005001336553],"iteration":944,"passed_time":6.893280562,"remaining_time":0.4011962232},
{"learn":[0.0004984888426],"iteration":945,"passed_time":6.895090998,"remaining_time":0.3935887039},
{"learn":[0.000497363829],"iteration":946,"passed_time":6.897327556,"remaining_time":0.3860172761},
{"learn":[0.0004962574008],"iteration":947,"passed_time":6.899610681,"remaining_time":0.3784596576},
{"learn":[0.0004951009572],"iteration":948,"passed_time":6.901548606,"remaining_time":0.3708946037},
{"learn":[0.0004926590245],"iteration":949,"passed_time":6.903331418,"remaining_time":0.3633332325},
{"learn":[0.0004902685639],"iteration":950,"passed_time":6.904842599,"remaining_time":0.3557700183},
{"learn":[0.0004878985416],"iteration":951,"passed_time":6.906206292,"remaining_time":0.3482120819},
{"learn":[0.0004851546398],"iteration":952,"passed_time":6.907388655,"remaining_time":0.3406582023},
{"learn":[0.0004835235808],"iteration":953,"passed_time":6.909037028,"remaining_time":0.3331401502},
{"learn":[0.0004820476251],"iteration":954,"passed_time":6.909702415,"remaining_time":0.3255880719},
{"learn":[0.0004809273242],"iteration":955,"passed_time":6.911426247,"remaining_time":0.318099116},
{"learn":[0.0004786287811],"iteration":956,"passed_time":6.914437022,"remaining_time":0.3106800334},
{"learn":[0.000476333762],"iteration":957,"passed_time":6.91575059,"remaining_time":0.3031957461},
{"learn":[0.0004747782932],"iteration":958,"passed_time":6.917706434,"remaining_time":0.2957517871},
{"learn":[0.0004732634705],"iteration":959,"passed_time":6.919071847,"remaining_time":0.2882946603},
{"learn":[0.0004721772887],"iteration":960,"passed_time":6.930818943,"remaining_time":0.2812715284},
{"learn":[0.000470770487],"iteration":961,"passed_time":6.93978327,"remaining_time":0.2741286531},
{"learn":[0.0004681288094],"iteration":962,"passed_time":6.948174252,"remaining_time":0.2669599661},
{"learn":[0.0004670654507],"iteration":963,"passed_time":6.953229148,"remaining_time":0.2596641591},
{"learn":[0.0004648360842],"iteration":964,"passed_time":6.954739843,"remaining_time":0.2522444503},
{"learn":[0.0004620983547],"iteration":965,"passed_time":6.959656526,"remaining_time":0.244956855},
{"learn":[0.0004610564066],"iteration":966,"passed_time":6.963383529,"remaining_time":0.2376335641},
{"learn":[0.0004583716763],"iteration":967,"passed_time":6.965405225,"remaining_time":0.2302613297},
{"learn":[0.0004568334525],"iteration":968,"passed_time":6.970010984,"remaining_time":0.2229828075},
{"learn":[0.0004558127285],"iteration":969,"passed_time":6.973227366,"remaining_time":0.2156668258},
{"learn":[0.0004530799078],"iteration":970,"passed_time":6.975649341,"remaining_time":0.2083355622},
{"learn":[0.0004516017252],"iteration":971,"passed_time":6.978265554,"remaining_time":0.2010199954},
{"learn":[0.000450113318],"iteration":972,"passed_time":6.98185773,"remaining_time":0.1937411703},
{"learn":[0.0004487101688],"iteration":973,"passed_time":6.986723812,"remaining_time":0.186503921},
{"learn":[0.0004461142158],"iteration":974,"passed_time":6.990695759,"remaining_time":0.1792486092},
{"learn":[0.0004446778688],"iteration":975,"passed_time":6.993255424,"remaining_time":0.1719652973},
{"learn":[0.0004421306234],"iteration":976,"passed_time":6.996951714,"remaining_time":0.1647184129},
{"learn":[0.0004406831252],"iteration":977,"passed_time":7.001659392,"remaining_time":0.1575015405},
{"learn":[0.000438378198],"iteration":978,"passed_time":7.006777655,"remaining_time":0.1502986014},
{"learn":[0.0004373969854],"iteration":979,"passed_time":7.009640659,"remaining_time":0.143053891},
{"learn":[0.0004361225142],"iteration":980,"passed_time":7.014907785,"remaining_time":0.1358646768},
{"learn":[0.0004351642933],"iteration":981,"passed_time":7.020742104,"remaining_time":0.1286897738},
{"learn":[0.0004338370676],"iteration":982,"passed_time":7.022207685,"remaining_time":0.1214420454},
{"learn":[0.0004312624087],"iteration":983,"passed_time":7.025495563,"remaining_time":0.1142357002},
{"learn":[0.0004298539435],"iteration":984,"passed_time":7.031670827,"remaining_time":0.1070812816},
{"learn":[0.0004276287585],"iteration":985,"passed_time":7.041486469,"remaining_time":0.0999805381},
{"learn":[0.0004266983548],"iteration":986,"passed_time":7.047953228,"remaining_time":0.09283018436},
{"learn":[0.0004242636932],"iteration":987,"passed_time":7.053322743,"remaining_time":0.08566788757},
{"learn":[0.0004224927137],"iteration":988,"passed_time":7.059110893,"remaining_time":0.07851387242},
{"learn":[0.0004207527097],"iteration":989,"passed_time":7.062454803,"remaining_time":0.0713379273},
{"learn":[0.0004198457312],"iteration":990,"passed_time":7.066145242,"remaining_time":0.06417286295},
{"learn":[0.0004186591135],"iteration":991,"passed_time":7.069884378,"remaining_time":0.0570151966},
{"learn":[0.000417773348],"iteration":992,"passed_time":7.07577658,"remaining_time":0.04987959321},
{"learn":[0.0004153123444],"iteration":993,"passed_time":7.079803716,"remaining_time":0.0427352337},
{"learn":[0.0004137783965],"iteration":994,"passed_time":7.080535436,"remaining_time":0.03558058008},
{"learn":[0.0004124433268],"iteration":995,"passed_time":7.083154534,"remaining_time":0.02844640375},
{"learn":[0.0004101062554],"iteration":996,"passed_time":7.086019047,"remaining_time":0.02132202321},
{"learn":[0.0004084360357],"iteration":997,"passed_time":7.088185392,"remaining_time":0.01420478034},
{"learn":[0.0004067950465],"iteration":998,"passed_time":7.090626734,"remaining_time":0.007097724459},
{"learn":[0.000405570177],"iteration":999,"passed_time":7.093087843,"remaining_time":0}
]}